COD_PROVINCIA,PROVINCIA,year,rental_homes,municipalities,municipal_rent_q25,municipal_rent_q75,rent_eur_month,municipal_spread_eur,province_name,baseline_year,rent_index
02,Albacete,2019,11865,33,250.0,312.0,404.8545301306363,62.0,Albacete,2019,100.00111896520596
02,Albacete,2020,12549,35,254.12065217391304,318.16666666666663,408.9289983265599,64.04601449275359,Albacete,2019,101.00753324109174
02,Albacete,2021,13132,36,268.93589743589746,325.86392405063293,415.7766524520256,56.92802661473547,Albacete,2019,102.69893848388922
02,Albacete,2022,13563,37,262.0,325.0,438.67772616677723,63.0,Albacete,2019,108.35561965339686
02,Albacete,2023,14225,35,269.5,339.12687487158416,450.0842882249561,69.62687487158416,Albacete,2019,111.17309824007806
02,Albacete,2024,14821,36,275.5,345.86805555555554,474.1211794075973,70.36805555555554,Albacete,2019,117.11033207548407
03,Alicante,2019,64168,95,307.8644360124181,438.3393151077077,423.2048528861738,130.47487909528962,Alicante,2019,100.00114671223388
03,Alicante,2020,68680,97,315.82456140350877,432.8907922912206,436.32101048340127,117.06623088771181,Alicante,2019,103.10042780798707
03,Alicante,2021,72998,98,321.2498113207547,453.8228155339806,449.52439792871036,132.5730042132259,Alicante,2019,106.22032087162343
03,Alicante,2022,77930,100,332.2790178571429,474.0576070070725,469.4472603618632,141.7785891499296,Alicante,2019,110.92799157889017
03,Alicante,2023,84452,105,350.0,489.3859649122807,494.548536446739,139.3859649122807,Alicante,2019,116.8592950015924
03,Alicante,2024,89563,107,369.3046875,501.26666666666665,528.2014224624007,131.96197916666665,Alicante,2019,124.81130020378089
04,Almería,2019,18418,37,299.33734939759034,346.72046109510086,374.0838853295689,47.383111697510515,Almería,2019,100.00103863600538
04,Almería,2020,19700,39,297.4469469469469,369.3369565217391,389.16309644670054,71.8900095747922,Almería,2019,104.0320510176167
04,Almería,2021,20974,42,301.50742574257424,365.5650802752294,396.646133307905,64.05765453265514,Almería,2019,106.03243512294296
04,Almería,2022,21733,41,310.7371794871795,394.9738562091503,413.924676758846,84.23667672197081,Almería,2019,110.65137851765559
04,Almería,2023,23074,40,330.85493827160496,403.39814814814815,433.965805668718,72.54320987654319,Almería,2019,116.0088231578053
04,Almería,2024,24292,43,333.65430402930406,426.5453230472517,462.42581919973657,92.89101901794766,Almería,2019,123.61682506408698
05,Ávila,2019,5662,28,236.51470588235293,296.19079939668177,346.4676792652773,59.67609351432884,Ávila,2019,99.99933017729596
05,Ávila,2020,5953,29,235.0,300.0,358.2445825634134,65.0,Ávila,2019,103.39844216336577
05,Ávila,2021,6323,31,243.4186046511628,313.9923223652837,366.1089672623755,70.5737177141209,Ávila,2019,105.66830238184414
05,Ávila,2022,6599,29,256.74468085106383,313.70440251572325,382.25246249431734,56.95972166465941,Ávila,2019,110.32772317785589
05,Ávila,2023,7079,30,257.7225609756097,333.45222371967657,405.4252012996186,75.72966274406684,Ávila,2019,117.01596135296522
05,Ávila,2024,7522,33,260.0,354.30555555555554,426.14982717362403,94.30555555555554,Ávila,2019,122.99761225318902
06,Badajoz,2019,14200,55,242.9607843137255,295.3181818181818,355.5667605633803,52.357397504456316,Badajoz,2019,99.9990889454623
06,Badajoz,2020,14950,54,250.0,300.0,364.51163879598664,50.0,Badajoz,2019,102.51473375031264
06,Badajoz,2021,15736,56,250.0,300.0,374.9445221148958,50.0,Badajoz,2019,105.44886298475569
06,Badajoz,2022,16596,58,250.0,300.0,389.39901181007474,50.0,Badajoz,2019,109.51402306439653
06,Badajoz,2023,17707,62,250.0,305.13079896907215,398.63788332297963,55.130798969072146,Badajoz,2019,112.11235012036438
06,Badajoz,2024,18668,63,259.0,322.4673913043478,426.1349367902293,63.467391304347814,Badajoz,2019,119.84558224547325
07,"Balears, Illes",2019,74920,65,458.98107255520506,609.0105263157894,618.6442205018686,150.02945376058437,Balears,2019,100.00068222259613
07,"Balears, Illes",2020,76388,65,473.2142857142857,640.7058823529412,624.2913022987904,167.4915966386555,Balears,2019,100.91350418640734
07,"Balears, Illes",2021,78772,65,500.0,661.2553191489362,649.7535037830701,161.25531914893622,Balears,2019,105.02933916058936
07,"Balears, Illes",2022,81666,66,522.1335227272727,688.2588339222615,682.1293561580095,166.12531119498874,Balears,2019,110.26273053116667
07,"Balears, Illes",2023,85230,66,550.0,737.1592158630014,722.0281942977824,187.15921586300135,Balears,2019,116.71217417201967
07,"Balears, Illes",2024,87703,66,594.7413793103449,774.0345528455284,762.7790383453246,179.29317353518354,Balears,2019,123.29934022134435
08,Barcelona,2019,350561,261,421.4022988505747,627.0547263681592,665.6778306771147,205.6524275175845,Barcelona,2019,99.99967411926372
08,Barcelona,2020,358912,268,431.14889705882354,649.2689808481532,685.3945340361983,218.12008378932967,Barcelona,2019,102.96156321899386
08,Barcelona,2021,368486,267,443.4415479087012,657.8912133891213,695.9109219888951,214.4496654804201,Barcelona,2019,104.54135951040968
08,Barcelona,2022,373881,268,458.0257898957498,683.5591617983237,720.352499859581,225.53337190257383,Barcelona,2019,108.21303026372749
08,Barcelona,2023,387730,267,467.5379746835443,702.9631186346928,750.8674567353571,235.42514395114853,Barcelona,2019,112.79705815637502
08,Barcelona,2024,394862,264,503.9010067114094,732.2148801211329,779.0037962629982,228.31387340972344,Barcelona,2019,117.02376461107413
09,Burgos,2019,13460,31,309.662666397741,450.3682795698925,433.52050520059436,140.70561317215146,Burgos,2019,100.00011653455306
09,Burgos,2020,13991,32,315.71683673469386,462.8575,440.66785790865555,147.14066326530616,Burgos,2019,101.64879542089305
09,Burgos,2021,14552,35,320.60283018867926,466.88881083793274,456.23708081363384,146.28598064925347,Burgos,2019,105.24014597103569
09,Burgos,2022,15069,33,325.33513513513515,470.575,471.73448802176654,145.23986486486484,Burgos,2019,108.8149308040613
09,Burgos,2023,15973,35,335.9772611139499,476.65822784810126,479.7059412759031,140.68096673415135,Burgos,2019,110.65370485234894
09,Burgos,2024,16584,35,347.8653441011236,500.0,503.12445730824885,152.13465589887642,Burgos,2019,116.05565079079369
10,Cáceres,2019,9851,37,212.22222222222223,282.36486486486484,360.7106892701249,70.14264264264261,Cáceres,2019,100.00019108705744
10,Cáceres,2020,10273,39,234.62058823529412,290.69806949806946,362.02696388591454,56.077481262775336,Cáceres,2019,100.36510323692566
10,Cáceres,2021,10750,40,241.1875,300.9166666666667,366.77218604651165,59.729166666666686,Cáceres,2019,101.68062600052998
10,Cáceres,2022,11237,46,250.0,305.4988643339472,381.91892853964583,55.49886433394721,Cáceres,2019,105.87977282017296
10,Cáceres,2023,11999,46,251.9525684931507,314.80054945054945,398.8874072839403,62.84798095739876,Cáceres,2019,110.58396143271337
10,Cáceres,2024,12543,46,263.0,314.86764705882354,418.73507135454037,51.867647058823536,Cáceres,2019,116.08634952026293
11,Cádiz,2019,29486,36,284.4942307692308,442.050366397621,496.804992199688,157.55613562839022,Cádiz,2019,100.00100487111271
11,Cádiz,2020,30787,36,290.7258064516129,458.6726179191155,507.4496053529087,167.94681146750258,Cádiz,2019,102.14364036894297
11,Cádiz,2021,32034,35,299.5,462.4520223786923,520.8695760754199,162.95202237869228,Cádiz,2019,104.84492272049515
11,Cádiz,2022,32791,37,299.17333333333335,475.2093023255814,533.3992253972126,176.03596899224806,Cádiz,2019,107.36699384001864
11,Cádiz,2023,34209,36,300.6678082191781,502.01149425287355,554.3713934929405,201.34368603369546,Cádiz,2019,111.5884447449558
11,Cádiz,2024,35437,37,321.6,520.1421052631579,580.4180658633632,198.54210526315785,Cádiz,2019,116.83133370840643
12,Castellón/Castelló,2019,25929,54,250.0,318.0557917109458,346.9396814377724,68.05579171094581,Castellón/Castelló,2019,99.99990817944669
12,Castellón/Castelló,2020,27583,56,251.2945205479452,333.0545039164491,361.1633614907733,81.7599833685039,Castellón/Castelló,2019,104.09966031324531
12,Castellón/Castelló,2021,29164,57,261.7647058823529,342.0,369.6332464682485,80.23529411764707,Castellón/Castelló,2019,106.54097148447815
12,Castellón/Castelló,2022,30507,57,275.2,350.0,391.04156423116007,74.80000000000001,Castellón/Castelló,2019,112.71158247280799
12,Castellón/Castelló,2023,32667,60,289.46503496503493,379.045,411.3967612575382,89.57996503496508,Castellón/Castelló,2019,118.57864796723877
12,Castellón/Castelló,2024,33810,63,300.0,399.2807094732725,444.4307009760426,99.28070947327251,Castellón/Castelló,2019,128.10016169252395
13,Ciudad Real,2019,10845,33,257.8655462184874,315.0,333.5505763024435,57.134453781512605,Ciudad Real,2019,100.00017277842707
13,Ciudad Real,2020,11773,36,268.3363657300783,314.1154560824949,339.98955236558226,45.77909035241663,Ciudad Real,2019,101.93061081264645
13,Ciudad Real,2021,12426,37,277.6649214659686,322.4375,352.20787059391597,44.772578534031425,Ciudad Real,2019,105.59372525675789
13,Ciudad Real,2022,13022,36,284.83413461538464,330.88335945663533,357.18368914145293,46.04922484125069,Ciudad Real,2019,107.08550116667755
13,Ciudad Real,2023,14012,37,290.84705882352944,345.1117318435754,373.0883528404225,54.26467302004596,Ciudad Real,2019,111.85380088155372
13,Ciudad Real,2024,14877,39,292.38235294117646,350.0,393.4533172010486,57.617647058823536,Ciudad Real,2019,117.95932160127376
14,Córdoba,2019,14961,34,281.2657103825137,315.59125,422.6683376779627,34.3255396174863,Córdoba,2019,99.99960670924426
14,Córdoba,2020,15953,41,280.0,320.780487804878,430.2595750015671,40.78048780487802,Córdoba,2019,101.79562661214827
14,Córdoba,2021,16805,41,280.0,324.5,439.7839333531687,44.5,Córdoba,2019,104.0490059273591
14,Córdoba,2022,17356,42,298.3553791887125,340.5957867783985,451.019128831528,42.240407589686015,Córdoba,2019,106.70715424125868
14,Córdoba,2023,18504,47,296.40140845070425,344.82926829268297,456.4254755728491,48.427859841978716,Córdoba,2019,107.98624827237539
14,Córdoba,2024,19610,48,300.0,353.820110701107,483.21545130035696,53.82011070110701,Córdoba,2019,114.32452061900702
15,"Coruña, A",2019,59611,77,251.61184210526315,333.13253012048193,386.23733874620456,81.52068801521878,A Coruna,2019,99.99931098441502
15,"Coruña, A",2020,62316,79,263.3636363636364,339.79166666666663,391.49723987418963,76.42803030303025,A Coruna,2019,101.36113294174338
15,"Coruña, A",2021,64597,84,277.7635401721664,345.175683764339,401.4961066303389,67.41214359217258,A Coruna,2019,103.94990333221284
15,"Coruña, A",2022,66344,85,297.1189189189189,351.0,419.1631345713252,53.881081081081106,A Coruna,2019,108.52400957211195
15,"Coruña, A",2023,69500,89,300.0,363.65263157894736,434.62494964028775,63.652631578947364,A Coruna,2019,112.52717213139181
15,"Coruña, A",2024,72627,89,308.0,383.7821782178218,461.94716840844313,75.78217821782181,A Coruna,2019,119.60106887128292
16,Cuenca,2019,4291,22,267.7163461538462,306.75,365.56700069913774,39.03365384615381,Cuenca,2019,99.99917955497928
16,Cuenca,2020,4685,26,271.0,317.237512800091,365.0138740661686,46.237512800091,Cuenca,2019,99.84787429662407
16,Cuenca,2021,4953,30,262.0,325.68965517241384,384.90793458509995,63.689655172413836,Cuenca,2019,105.28980348089286
16,Cuenca,2022,5099,30,284.9381443298969,345.75,404.2741714061581,60.811855670103114,Cuenca,2019,110.58734890887057
16,Cuenca,2023,5458,36,283.25,348.8461538461538,421.34957860021984,65.59615384615381,Cuenca,2019,115.25824837930352
16,Cuenca,2024,5754,38,293.5,354.25,447.5867222801529,60.75,Cuenca,2019,122.43529892500833
17,Girona,2019,48402,171,433.70861833105334,556.6101376720901,479.5597495971241,122.90151934103676,Girona,2019,99.99994778487032
17,Girona,2020,50378,172,449.4347181008902,566.7731481481482,492.5336059391004,117.33843004725793,Girona,2019,102.70531444221795
17,Girona,2021,52318,175,460.0958094555874,600.0,508.7846439084063,139.9041905444126,Girona,2019,106.09405369680671
17,Girona,2022,52214,176,479.5,600.0,528.9758110851495,120.5,Girona,2019,110.304406348559
17,Girona,2023,55206,177,500.0,622.3597122302158,550.5350505379851,122.35971223021579,Girona,2019,114.8000355613448
17,Girona,2024,56089,177,512.0,650.0,574.2047816862487,138.0,Girona,2019,119.73575395909765
18,Granada,2019,31888,66,290.1831447963801,378.8258762380632,416.37597215253385,88.64273144168311,Granada,2019,99.99903265107206
18,Granada,2020,33173,67,300.0,385.2005813953489,424.92451692641606,85.20058139534888,Granada,2019,102.05209590432203
18,Granada,2021,34573,69,300.0,390.0,443.1110982558644,90.0,Granada,2019,106.41988045916338
18,Granada,2022,35781,73,300.0,400.0,455.850591095833,100.0,Granada,2019,109.47946373404895
18,Granada,2023,38043,75,318.0363559501163,414.23632358466807,484.105380753358,96.1999676345518,Granada,2019,116.26528189474952
18,Granada,2024,39702,81,327.484375,447.66472303206996,510.0440783839605,120.18034803206996,Granada,2019,122.49485527257804
19,Guadalajara,2019,12774,40,317.8244870651204,476.34002412909064,463.8510255205887,158.5155370639702,Guadalajara,2019,100.00022108884093
19,Guadalajara,2020,13439,41,320.16129032258067,500.0,484.98913609643574,179.83870967741933,Guadalajara,2019,104.55732156870448
19,Guadalajara,2021,13990,40,332.20197044334975,513.5168650793651,498.51007862759116,181.3148946360153,Guadalajara,2019,107.47226013314457
19,Guadalajara,2022,14486,43,342.7189189189189,517.8230867346939,515.7507248377744,175.10416781577499,Guadalajara,2019,111.18911821446036
19,Guadalajara,2023,15095,46,350.9776119402985,532.0060674737506,538.5542894998343,181.02845553345207,Guadalajara,2019,116.10526883687275
19,Guadalajara,2024,15621,49,358.0,559.5054945054945,575.6660905191729,201.50549450549454,Guadalajara,2019,124.10608828698348
20,Gipuzkoa,2022,37064,65,510.0,652.0,724.1310705806173,142.0,Gipuzkoa,2022,100.0001478437045
20,Gipuzkoa,2023,37716,64,541.75,670.2045454545455,747.3855923215611,128.4545454545455,Gipuzkoa,2022,103.21152173250124
20,Gipuzkoa,2024,40602,66,552.0,692.8395117540687,770.7344712083149,140.83951175406867,Gipuzkoa,2022,106.43592603652866
21,Huelva,2019,7964,40,300.0,352.9354107641572,394.87995981918635,52.93541076415721,Huelva,2019,99.99998982455084
21,Huelva,2020,8507,39,318.0,371.2312633832977,404.9779005524862,53.23126338329769,Huelva,2019,102.55720739274874
21,Huelva,2021,8981,40,300.0,380.5371192273101,414.8227368889879,80.53711922731009,Huelva,2019,105.05032842610107
21,Huelva,2022,9451,43,301.1736111111111,396.0,426.1698232991218,94.82638888888891,Huelva,2019,107.92388150808392
21,Huelva,2023,10109,43,330.0,399.378431372549,447.9394598872292,69.37843137254902,Huelva,2019,113.43685673805439
21,Huelva,2024,10734,44,329.5,400.0,463.88187069126144,70.5,Huelva,2019,117.47413662157146
22,Huesca,2019,10626,47,291.5,361.69889682024655,377.75381140598535,70.19889682024655,Huesca,2019,100.00100897577376
22,Huesca,2020,11321,53,300.0,387.07758620689657,392.89921385036655,87.07758620689657,Huesca,2019,104.01038090016321
22,Huesca,2021,11855,55,300.0,398.1223529411765,408.13293968789543,98.12235294117647,Huesca,2019,108.04313426549183
22,Huesca,2022,12275,56,300.75,404.5385580428902,419.99494908350306,103.7885580428902,Huesca,2019,111.18330882422318
22,Huesca,2023,12821,57,300.0,431.02702702702703,439.4070665314718,131.02702702702703,Huesca,2019,116.3221883604161
22,Huesca,2024,13351,58,328.5681818181818,446.94127516778525,456.5010111602127,118.37309334960344,Huesca,2019,120.8473887915851
23,Jaén,2019,9998,36,261.25,312.22150997151,359.8877775555111,50.97150997150999,Jaén,2019,99.99938246561759
23,Jaén,2020,10547,40,256.71153846153845,310.5625,367.11434531146296,53.85096153846155,Jaén,2019,102.00737595139154
23,Jaén,2021,10995,40,274.74,317.87656462404885,375.01082310140976,43.136564624048845,Jaén,2019,104.20151243474666
23,Jaén,2022,11634,44,277.5,321.9077386692382,384.75322331098505,44.4077386692382,Jaén,2019,106.9085618691781
23,Jaén,2023,12410,46,275.5603448275862,331.55987103174607,392.93319903303785,55.99952620415985,Jaén,2019,109.18147184779734
23,Jaén,2024,13189,50,287.30357142857144,342.5490657346418,412.7144590188794,55.24549430607033,Jaén,2019,114.67794576645069
24,León,2019,18833,45,280.0,357.625,369.0259119630436,77.625,León,2019,99.99889222096947
24,León,2020,19526,47,284.6190476190476,354.66676315948916,379.02007579637404,70.04771554044157,León,2019,102.70711752333797
24,León,2021,20138,51,283.49829497016196,354.95430251202566,388.1510577018572,71.4560075418637,León,2019,105.1814372007309
24,León,2022,20480,49,284.8979591836735,350.0,404.251123046875,65.10204081632651,León,2019,109.54424384111728
24,León,2023,21365,52,290.7155172413793,374.25,413.12131991575006,83.5344827586207,León,2019,111.94789581219686
24,León,2024,22248,54,289.9129027617952,375.45212765957444,435.62837108953613,85.53922489777926,León,2019,118.04687182330329
25,Lleida,2019,20949,88,307.0669642857143,385.79720279720283,384.17905389278724,78.73023851148855,Lleida,2019,99.99975373335084
25,Lleida,2020,21897,92,323.70341474445956,399.71153846153845,396.82340046581726,76.00812371707889,Lleida,2019,103.29100954391619
25,Lleida,2021,22840,93,338.2142857142857,402.9160839160839,409.2224168126095,64.70179820179817,Lleida,2019,106.5184072082382
25,Lleida,2022,23789,97,350.0,408.0,425.35772836184793,58.0,Lleida,2019,110.71834253783328
25,Lleida,2023,24919,102,358.1818181818182,419.25,446.7200529716281,61.06818181818181,Lleida,2019,116.278841421112
25,Lleida,2024,25913,106,375.5722891566265,450.0,463.87473468915215,74.42771084337352,Lleida,2019,120.74411335549797
26,"Rioja, La",2019,12928,28,299.2029702970297,347.2560975609756,403.04602413366337,48.053127263945896,La Rioja,2019,99.99901355505851
26,"Rioja, La",2020,13946,32,300.0,365.4166666666667,419.9987093073283,65.41666666666669,La Rioja,2019,104.20511333763262
26,"Rioja, La",2021,14526,32,305.5,364.03181818181815,425.48216990224427,58.53181818181815,La Rioja,2019,105.56560473942295
26,"Rioja, La",2022,15121,32,319.72222222222223,375.7848837209302,445.38654850869654,56.062661498707996,La Rioja,2019,110.5040437932506
26,"Rioja, La",2023,15924,33,336.12307692307695,395.7044673539519,465.5128108515448,59.58139043087493,La Rioja,2019,115.4975340160141
26,"Rioja, La",2024,16451,34,350.0,402.7162162162162,481.2781593824084,52.716216216216196,La Rioja,2019,119.40904587083696
27,Lugo,2019,11281,40,242.671875,285.9090719644346,316.098395532311,43.23719696443459,Lugo,2019,99.99949241768775
27,Lugo,2020,11876,43,240.08620689655174,292.36805555555554,320.6980464802964,52.2818486590038,Lugo,2019,101.45461767804377
27,Lugo,2021,12380,46,250.0,299.22222222222223,323.95500807754445,49.22222222222223,Lugo,2019,102.48497566515167
27,Lugo,2022,12837,48,250.0,302.4545240503007,338.63986912830103,52.45452405030068,Lugo,2019,107.1306134540655
27,Lugo,2023,13636,47,259.17073170731703,311.554347826087,352.42864476386035,52.383616118769964,Lugo,2019,111.49276961843097
27,Lugo,2024,14415,50,274.73399014778323,331.6035954063604,367.8738813735692,56.86960525857717,Lugo,2019,116.37895646111014
28,Madrid,2019,421129,158,416.15293778801845,594.0686475409836,710.0636147118817,177.9157097529652,Madrid,2019,100.00050907132942
28,Madrid,2020,434762,160,423.053588120006,611.5428619544778,720.250964895736,188.48927383447176,Madrid,2019,101.43522588171932
28,Madrid,2021,450633,160,433.7157335907336,635.2834611376572,734.2731335698894,201.56772754692366,Madrid,2019,103.41001233274505
28,Madrid,2022,464915,162,454.47931555799886,651.7360374919199,765.1048019530451,197.25672193392103,Madrid,2019,107.7521338975643
28,Madrid,2023,484746,163,468.01346604215456,673.9636399165183,791.2327817042327,205.95017387436377,Madrid,2019,111.43182008622267
28,Madrid,2024,499787,163,482.5456370938299,710.1465922286479,831.0970173293823,227.60095513481804,Madrid,2019,117.04602672019018
29,Málaga,2019,55523,47,350.0,513.0764619883041,542.4836734326316,163.07646198830412,Málaga,2019,100.00067715540327
29,Málaga,2020,58183,55,326.5,512.3432835820895,558.8008009212313,185.8432835820895,Málaga,2019,103.0085534805396
29,Málaga,2021,61909,58,350.0,516.6040596094552,579.2237800642879,166.60405960945525,Málaga,2019,106.77329672325024
29,Málaga,2022,65354,61,350.0,554.9742895805142,605.3975885179178,204.9742895805142,Málaga,2019,111.59813975039039
29,Málaga,2023,69797,65,369.64285714285717,571.875,642.2362995544221,202.23214285714283,Málaga,2019,118.38893591550325
29,Málaga,2024,72989,66,393.75,611.3885819521179,687.4471906725671,217.63858195211787,Málaga,2019,126.72304797827884
30,Murcia,2019,45693,39,300.0,341.06217833932857,376.43260455649664,41.06217833932857,Murcia,2019,100.00069190991596
30,Murcia,2020,48534,39,300.0,351.3047619047619,390.1887130671282,51.304761904761904,Murcia,2019,103.65505221877326
30,Murcia,2021,51165,39,301.74339792913463,355.4975232690351,402.865689436138,53.7541253399005,Murcia,2019,107.02273714532262
30,Murcia,2022,53066,40,312.93558673469386,374.0555172568405,418.2161270870237,61.11993052214666,Murcia,2019,111.10063679489512
30,Murcia,2023,56818,40,328.1515151515151,388.16092112520687,437.98755676018163,60.00940597369174,Murcia,2019,116.35298907105746
30,Murcia,2024,59178,40,347.38520408163265,405.08266444749665,460.06206698435227,57.697460365864,Murcia,2019,122.21716308061319
31,Navarra,2021,20992,83,330.82835820895525,468.648711622807,515.4464081554878,137.82035341385176,Navarra,2021,99.99930316335004
31,Navarra,2022,23471,85,299.3333333333333,425.0,446.09288057603,125.66666666666669,Navarra,2021,86.5443555293491
31,Navarra,2023,24479,86,360.19144736842105,522.1864114552893,578.629560031047,161.99496408686826,Navarra,2021,112.25716558949404
31,Navarra,2024,24534,82,360.5043644298963,529.4396637669827,595.3630879595663,168.93529933708635,Navarra,2021,115.50355766021268
32,Ourense,2019,12056,22,265.93543046357615,349.75,337.2621101526211,83.81456953642385,Ourense,2019,100.00062567533095
32,Ourense,2020,12592,26,257.08319752281614,349.75,343.78748411689963,92.66680247718386,Ourense,2019,101.93544568490177
32,Ourense,2021,13026,28,276.94184214889736,364.1969453376206,354.7260095194227,87.25510318872324,Ourense,2019,105.17879663150764
32,Ourense,2022,13448,36,266.75,336.25,364.5640987507436,69.5,Ourense,2019,108.09586038983088
32,Ourense,2023,14245,36,290.2448979591837,357.0920658682635,377.10782730782734,66.84716790907981,Ourense,2019,111.81516554226039
32,Ourense,2024,14972,43,279.3620689655172,350.0,386.3769035532995,70.63793103448279,Ourense,2019,114.56351288421381
33,Asturias,2019,52323,57,291.8144329896907,356.9070208728653,408.06272576113753,65.09258788317459,Asturias,2019,100.00066798047776
33,Asturias,2020,53714,56,300.0,374.54030012157534,412.9722604907473,74.54030012157534,Asturias,2019,101.20380838375418
33,Asturias,2021,55463,58,300.0,380.4104398516163,423.7178659646972,80.41043985161627,Asturias,2019,103.83714795978463
33,Asturias,2022,56462,57,300.0,398.0,432.84447947291983,98.0,Asturias,2019,106.07373412559913
33,Asturias,2023,58814,60,301.18125,400.0,449.9222634066719,98.81875000000002,Asturias,2019,110.2588500236906
33,Asturias,2024,60454,60,318.5756108597285,408.6836001085187,467.4118503324842,90.1079892487902,Asturias,2019,114.54488318690493
34,Palencia,2019,5775,18,293.8636363636364,393.61146496815286,387.53800865800866,99.74782860451649,Palencia,2019,99.99948615833428
34,Palencia,2020,6019,20,298.75,392.5,388.6326632330952,93.75,Palencia,2019,100.28194850417896
34,Palencia,2021,6115,19,300.0,397.6046511627907,393.53164349959115,97.60465116279067,Palencia,2019,101.54607098611528
34,Palencia,2022,6243,21,300.0,414.1560975609756,406.6894121415986,114.15609756097558,Palencia,2019,104.94127371151329
34,Palencia,2023,6557,21,300.3114754098361,368.0,416.2678053988104,67.68852459016392,Palencia,2019,107.41286200103484
34,Palencia,2024,6865,23,314.0,382.0,432.23525127458123,68.0,Palencia,2019,111.53306788320721
35,"Palmas, Las",2019,53809,32,399.44861202908135,483.4284975914326,473.41329517366984,83.97988556235123,Las Palmas,2019,100.00069605071076
35,"Palmas, Las",2020,55813,32,400.44585987261144,472.5937297472456,474.75147367100857,72.14786987463418,Las Palmas,2019,100.28336403350342
35,"Palmas, Las",2021,57388,32,424.0456609755903,490.8216083622719,486.76786087683837,66.7759473866816,Las Palmas,2019,102.82162625986741
35,"Palmas, Las",2022,58519,32,441.26558038485416,503.7115117891817,512.2679642509271,62.44593140432755,Las Palmas,2019,108.20809958617839
35,"Palmas, Las",2023,60811,32,448.8505025125628,527.2040694229854,527.91422604463,78.35356691042261,Las Palmas,2019,111.51311253345514
35,"Palmas, Las",2024,63030,32,476.37621640851626,561.5354444444445,555.5274472473425,85.15922803592821,Las Palmas,2019,117.34594690592562
36,Pontevedra,2019,40213,56,296.85483870967744,370.35773484715133,405.52696889065726,73.5028961374739,Pontevedra,2019,99.99925255607657
36,Pontevedra,2020,41993,57,298.1111111111111,378.6163522012579,413.9194389541114,80.5052410901468,Pontevedra,2019,102.06875914337074
36,Pontevedra,2021,43573,57,300.0,388.4959349593496,427.1668693915957,88.4959349593496,Pontevedra,2019,105.3354546868532
36,Pontevedra,2022,44988,57,301.0,400.0,446.4190895349871,99.0,Pontevedra,2019,110.08287661455063
36,Pontevedra,2023,46402,57,324.3697478991597,400.0,459.2906986767812,75.63025210084032,Pontevedra,2019,113.25689805360422
36,Pontevedra,2024,48088,59,335.5970066518847,417.8888098624941,486.58889951755117,82.29180321060937,Pontevedra,2019,119.98838545053417
37,Salamanca,2019,16077,29,282.22222222222223,387.683615819209,423.5609877464701,105.4613935969868,Salamanca,2019,100.00023320107425
37,Salamanca,2020,16634,32,278.84078887957173,409.3903234200463,427.1254659131898,130.54953454047455,Salamanca,2019,100.8417853227854
37,Salamanca,2021,17104,32,292.9166666666667,413.55857516252263,428.0602198316183,120.64190849585594,Salamanca,2019,101.0624751703698
37,Salamanca,2022,17370,34,296.3333333333333,416.42819912775235,448.12256764536556,120.09486579441904,Salamanca,2019,105.79907631631069
37,Salamanca,2023,18244,33,300.0,415.5903614457831,468.66811006358256,115.59036144578312,Salamanca,2019,110.64975683812979
37,Salamanca,2024,19023,34,312.46774193548384,438.2748682476943,483.8225306208274,125.80712631221047,Salamanca,2019,114.22762551251947
38,Santa Cruz de Tenerife,2019,45521,52,353.94132653061223,442.16257612257925,453.11941741174405,88.22124959196702,Santa Cruz de Tenerife,2019,99.99987142737994
38,Santa Cruz de Tenerife,2020,48107,51,373.7394366197183,451.2782571776532,465.7312657201655,77.53882055793491,Santa Cruz de Tenerife,2019,102.78320659431618
38,Santa Cruz de Tenerife,2021,50206,53,375.8333333333333,459.1044776119403,476.8089471377923,83.27114427860698,Santa Cruz de Tenerife,2019,105.22796326310741
38,Santa Cruz de Tenerife,2022,51736,53,397.15,490.4453781512605,501.5361450440699,93.29537815126054,Santa Cruz de Tenerife,2019,110.68506025866655
38,Santa Cruz de Tenerife,2023,54136,53,425.0425531914894,505.7293233082707,526.1035540121177,80.6867701167813,Santa Cruz de Tenerife,2019,116.10689309942568
38,Santa Cruz de Tenerife,2024,55876,53,452.8536585365854,539.1020408163265,559.8442086047677,86.24838227974112,Santa Cruz de Tenerife,2019,123.55318869278949
39,Cantabria,2019,24336,65,352.39798488664985,425.9189189189189,455.8755752794214,73.52093403226905,Cantabria,2019,99.99902941112165
39,Cantabria,2020,25568,68,350.0,431.1617647058823,461.56167866082603,81.16176470588232,Cantabria,2019,101.24631013881418
39,Cantabria,2021,26674,67,363.2123161764706,436.30328681461145,467.3932668516158,73.09097063814085,Cantabria,2019,102.52550382811614
39,Cantabria,2022,27366,66,380.2241379310345,450.6367924528302,490.08342468756854,70.41265452179573,Cantabria,2019,107.50272542940435
39,Cantabria,2023,28728,68,399.0783783783784,475.32824764521195,508.880186577555,76.24986926683357,Cantabria,2019,111.62590738298566
39,Cantabria,2024,29444,69,408.0,493.22033898305085,539.09754109496,85.22033898305085,Cantabria,2019,118.25426452025971
40,Segovia,2019,6703,38,307.24365884591,385.54818866241703,410.23780396837236,78.30452981650706,Segovia,2019,99.99946469587859
40,Segovia,2020,7035,38,323.12845528455284,406.6615853658536,417.3876332622601,83.53313008130078,Segovia,2019,101.7423052998879
40,Segovia,2021,7336,40,324.78092783505156,415.25,431.6503544165758,90.46907216494844,Segovia,2019,105.21898264834628
40,Segovia,2022,7573,44,333.1363636363636,420.32024793388433,446.49610458206786,87.1838842975207,Segovia,2019,108.83777900303917
40,Segovia,2023,8003,42,347.6010638297872,449.75,466.1471948019493,102.14893617021278,Segovia,2019,113.62792384992915
40,Segovia,2024,8456,42,358.5,484.29920212765956,496.3777199621571,125.79920212765956,Segovia,2019,120.99690911714048
41,Sevilla,2019,47896,79,301.07653061224494,424.2280759904402,511.32917153833307,123.15154537819524,Sevilla,2019,99.99983797906108
41,Sevilla,2020,49923,80,300.0,441.8344617612213,524.3106984756525,141.8344617612213,Sevilla,2019,102.5386146863381
41,Sevilla,2021,52645,84,307.46982758620686,450.0,542.2433469465286,142.53017241379314,Sevilla,2019,106.04567440723771
41,Sevilla,2022,55684,86,311.69747899159665,456.4936102236422,549.4943430788018,144.79613123204552,Sevilla,2019,107.46374026143621
41,Sevilla,2023,59187,86,316.2235576923077,480.5148972120529,582.5668981364151,164.29133951974524,Sevilla,2019,113.93168758657133
41,Sevilla,2024,62498,89,340.0,488.4952380952381,606.2342314954078,148.4952380952381,Sevilla,2019,118.56027056801044
42,Soria,2019,3429,13,276.1864406779661,334.0,415.13735783027124,57.81355932203388,Soria,2019,99.99936354730242
42,Soria,2020,3615,14,294.6034518396031,349.91696917750664,418.0752420470263,55.313517337903534,Soria,2019,100.70704871778828
42,Soria,2021,3779,14,295.4175035868006,355.5568181818182,427.3511510981741,60.139314595017595,Soria,2019,102.94145375010217
42,Soria,2022,3920,15,298.768115942029,391.7435897435897,447.181887755102,92.97547380156072,Soria,2019,107.71833303345907
42,Soria,2023,4143,15,300.0,409.433962264151,462.5368090755491,109.43396226415098,Soria,2019,111.4170663090883
42,Soria,2024,4305,15,313.1330128205128,420.55232558139534,493.04970963995356,107.41931276088252,Soria,2019,118.76709294212881
43,Tarragona,2019,42358,96,325.63,456.0945861409739,437.08156664620617,130.4645861409739,Tarragona,2019,100.0003584346587
43,Tarragona,2020,44350,95,350.0,473.40274214949136,450.681916572717,123.40274214949136,Tarragona,2019,103.11199701947402
43,Tarragona,2021,46378,100,350.0,470.67857142857144,459.68526025270603,120.67857142857144,Tarragona,2019,105.17188163556008
43,Tarragona,2022,47489,96,361.5116822429907,490.2613778054863,478.6768514813957,128.74969556249562,Tarragona,2019,109.51698807572888
43,Tarragona,2023,49543,102,352.41666666666663,504.65098201793023,499.3087620854611,152.2343153512636,Tarragona,2019,114.23738493764554
43,Tarragona,2024,50807,105,376.47058823529414,525.0,523.1720432223906,148.52941176470586,Tarragona,2019,119.69709051486927
44,Teruel,2019,4590,24,257.28319579894975,300.0,339.00217864923746,42.71680420105025,Teruel,2019,100.0006426693916
44,Teruel,2020,4862,27,258.73049645390074,300.0,350.2733443027561,41.26950354609926,Teruel,2019,103.32547029579825
44,Teruel,2021,5011,25,261.8536585365854,303.8796296296296,356.12153262821795,42.025971093044234,Teruel,2019,105.05059959534452
44,Teruel,2022,5096,26,270.2631578947368,324.3181818181818,368.7103610675039,54.05502392344499,Teruel,2019,108.76411830899822
44,Teruel,2023,5490,32,282.2957920792079,328.8058608058608,388.16684881602913,46.51006872665289,Teruel,2019,114.5034952259673
44,Teruel,2024,5638,30,289.0072463768116,349.34438775510205,406.38754877616174,60.337141378290426,Teruel,2019,119.87833297231909
45,Toledo,2019,22867,116,275.97587719298247,377.998743718593,397.6636200638475,102.02286652561054,Toledo,2019,100.00091034145939
45,Toledo,2020,24836,123,290.1190476190476,381.5882352941177,412.0805685295539,91.46918767507009,Toledo,2019,103.62635631684198
45,Toledo,2021,26149,126,289.09375,398.0,428.24390990095225,108.90625,Toledo,2019,107.69096964767697
45,Toledo,2022,27507,129,300.0,420.7792207792208,441.93176282400844,120.7792207792208,Toledo,2019,111.13306916059156
45,Toledo,2023,29535,133,300.0,414.7889447236181,466.49686812256647,114.7889447236181,Toledo,2019,117.3104833582876
45,Toledo,2024,31226,137,303.05,446.0,490.07324024851084,142.95,Toledo,2019,123.23925973155731
46,Valencia/Valéncia,2019,112579,180,297.01978260869566,398.87820512820514,446.8910898124872,101.85842251950947,Valencia,2019,100.0002438659373
46,Valencia/Valéncia,2020,119432,186,300.0,404.49264705882354,460.9050338267801,104.49264705882354,Valencia,2019,103.13612607728527
46,Valencia/Valéncia,2021,127483,194,304.2077075971731,420.0,486.5123192896308,115.79229240282689,Valencia,2019,108.86623537998854
46,Valencia/Valéncia,2022,133942,195,311.8252427184466,449.6287061994609,516.1040077048275,137.80346348101432,Valencia,2019,115.48792940205139
46,Valencia/Valéncia,2023,142915,198,325.0806451612903,474.85428674351584,546.0715460238604,149.77364158222554,Valencia,2019,122.19372687324854
46,Valencia/Valéncia,2024,149388,197,350.0,508.24386920980925,590.9759150668059,158.24386920980925,Valencia,2019,132.24191972673498
47,Valladolid,2019,24744,37,310.85714285714283,414.95604395604397,438.1391044293566,104.09890109890114,Valladolid,2019,99.99979559715084
47,Valladolid,2020,25781,36,343.9583333333333,433.38926174496646,446.49338660253676,89.43092841163315,Valladolid,2019,101.90655648937252
47,Valladolid,2021,26730,36,340.8125,441.0173985086992,460.8830527497194,100.20489850869922,Valladolid,2019,105.19081863096713
47,Valladolid,2022,27478,38,339.1733870967742,434.5646514066049,477.3211660237281,95.39126430983072,Valladolid,2019,108.94261332535903
47,Valladolid,2023,28713,40,348.5,443.08670520231215,487.50266429840144,94.58670520231215,Valladolid,2019,111.26641354325135
47,Valladolid,2024,29847,39,362.9759396540512,468.84396809571285,514.6899520889872,105.86802844166164,Valladolid,2019,117.47157348997746
49,Zamora,2019,4434,12,317.6744222955815,362.87285407725324,347.41835814163284,45.19843178167173,Zamora,2019,99.99952741397526
49,Zamora,2020,4713,14,271.60483870967744,364.77500243451163,351.13812858052194,93.1701637248342,Zamora,2019,101.07021143875481
49,Zamora,2021,4851,13,307.02702702702703,370.3448275862069,362.47639661925376,63.31780055917989,Zamora,2019,104.33377370884051
49,Zamora,2022,5033,13,330.0,372.28,369.3699582753825,42.27999999999997,Zamora,2019,106.31798925662959
49,Zamora,2023,5362,14,288.7631578947369,398.42537313432837,385.50671391271914,109.66221523959149,Zamora,2019,110.96272923629012
49,Zamora,2024,5612,16,287.44,385.84195226438186,394.0666429080542,98.40195226438186,Zamora,2019,113.42658537449029
50,Zaragoza,2019,55823,66,284.45496245835614,390.0,437.60908586066677,105.54503754164386,Zaragoza,2019,99.99979110638851
50,Zaragoza,2020,58514,70,298.25,415.4096385542169,443.01315924394163,117.15963855421688,Zaragoza,2019,101.234697388986
50,Zaragoza,2021,60736,72,300.0,400.75,461.40875263435197,100.75,Zaragoza,2019,105.438347531901
50,Zaragoza,2022,62089,74,301.89112903225805,415.7765447443182,484.11179113852694,113.88541571206014,Zaragoza,2019,110.62630907395328
50,Zaragoza,2023,64833,72,316.95755597014926,432.9605263157895,495.38751870189566,116.00297034564022,Zaragoza,2019,113.20297038502221
50,Zaragoza,2024,66802,76,311.9867256637168,445.0473098330241,531.1239783240022,133.06058416930728,Zaragoza,2019,121.3692507767195
51,Ceuta,2019,2261,1,585.0950906678461,585.0950906678461,585.0950906678461,0.0,Ceuta,2019,99.99916094135124
51,Ceuta,2020,2305,1,605.5505422993492,605.5505422993492,605.5505422993492,0.0,Ceuta,2019,103.4952217226712
51,Ceuta,2021,2427,1,624.6868562010712,624.6868562010712,624.6868562010712,0.0,Ceuta,2019,106.76582741430032
51,Ceuta,2022,2465,1,637.0993914807302,637.0993914807302,637.0993914807302,0.0,Ceuta,2019,108.88726567778673
51,Ceuta,2023,2560,1,628.37890625,628.37890625,628.37890625,0.0,Ceuta,2019,107.3968392155187
51,Ceuta,2024,2612,1,649.406584992343,649.406584992343,649.406584992343,0.0,Ceuta,2019,110.99069987905365
52,Melilla,2019,2641,1,531.900795153351,531.900795153351,531.900795153351,0.0,Melilla,2019,100.00014949301581
52,Melilla,2020,2793,1,535.7454350161117,535.7454350161117,535.7454350161117,0.0,Melilla,2019,100.72296202596573
52,Melilla,2021,2861,1,551.3278573925201,551.3278573925201,551.3278573925201,0.0,Melilla,2019,103.65253946089868
52,Melilla,2022,2955,1,573.0504230118444,573.0504230118444,573.0504230118444,0.0,Melilla,2019,107.73649614811889
52,Melilla,2023,3007,1,582.0419022281344,582.0419022281344,582.0419022281344,0.0,Melilla,2019,109.42694157325332
52,Melilla,2024,3161,1,582.9167984814932,582.9167984814932,582.9167984814932,0.0,Melilla,2019,109.5914266744676
