COD_PROVINCIA,PROVINCIA,year,rental_homes,municipalities,municipal_rent_q25,municipal_rent_q75,rent_eur_month,municipal_spread_eur
01,Araba/Álava,2024,11117,21,474.0,565.6945244956772,697.528110101646,91.69452449567723
02,Albacete,2011,7369,20,223.75,313.49403895423313,410.21780431537525,89.74403895423313
02,Albacete,2012,7366,17,245.0,312.4352517985611,393.01574803149606,67.43525179856113
02,Albacete,2013,7564,19,234.33527131782947,299.5914396887159,369.1758328926494,65.25616837088646
02,Albacete,2014,8100,22,242.8653846153846,300.0,369.8702469135803,57.13461538461539
02,Albacete,2015,8759,23,232.73115137346582,300.0,366.8743007192602,67.26884862653418
02,Albacete,2016,9409,25,231.61290322580646,300.0,367.4986714847486,68.38709677419354
02,Albacete,2017,10269,27,249.5424836601307,300.0,368.01256208004673,50.4575163398693
02,Albacete,2018,11128,29,250.0,300.0,372.3719446441409,50.0
02,Albacete,2019,11865,33,250.0,312.0,404.8545301306363,62.0
02,Albacete,2020,12549,35,254.12065217391304,318.16666666666663,408.9289983265599,64.04601449275359
02,Albacete,2021,13132,36,268.93589743589746,325.86392405063293,415.7766524520256,56.92802661473547
02,Albacete,2022,13563,37,262.0,325.0,438.67772616677723,63.0
02,Albacete,2023,14225,35,269.5,339.12687487158416,450.0842882249561,69.62687487158416
02,Albacete,2024,14821,36,275.5,345.86805555555554,474.1211794075973,70.36805555555554
03,Alicante,2011,27317,67,293.44,397.2142857142857,388.75275469487866,103.77428571428572
03,Alicante,2012,29699,68,278.56998738965956,391.06,377.8873362739486,112.49001261034044
03,Alicante,2013,33196,71,273.82183908045977,375.02287581699346,371.5532895529582,101.2010367365337
03,Alicante,2014,38298,73,263.14207650273227,371.94409547738695,368.73886364823227,108.80201897465469
03,Alicante,2015,44279,79,267.57237871674494,387.26108823118807,370.71178210890037,119.68870951444313
03,Alicante,2016,49236,79,275.6863855674428,383.5927950752273,375.73722479486554,107.90640950778447
03,Alicante,2017,54661,84,282.3091976516634,400.55555555555554,381.15252190775874,118.24635790389215
03,Alicante,2018,59047,90,292.6887755102041,409.2671497584541,395.45804189882637,116.57837424824999
03,Alicante,2019,64168,95,307.8644360124181,438.3393151077077,423.2048528861738,130.47487909528962
03,Alicante,2020,68680,97,315.82456140350877,432.8907922912206,436.32101048340127,117.06623088771181
03,Alicante,2021,72998,98,321.2498113207547,453.8228155339806,449.52439792871036,132.5730042132259
03,Alicante,2022,77930,100,332.2790178571429,474.0576070070725,469.4472603618632,141.7785891499296
03,Alicante,2023,84452,105,350.0,489.3859649122807,494.548536446739,139.3859649122807
03,Alicante,2024,89563,107,369.3046875,501.26666666666665,528.2014224624007,131.96197916666665
04,Almería,2011,8419,24,299.25,357.91926503340756,380.24539731559565,58.669265033407555
04,Almería,2012,8780,27,295.5,350.0,368.2095671981777,54.5
04,Almería,2013,9664,27,280.0668449197861,328.15470256241247,348.80266970198676,48.087857642626375
04,Almería,2014,10964,28,264.54006968641113,309.5355035819638,335.5403137541043,44.99543389555265
04,Almería,2015,12511,31,267.6470588235294,305.13048435647175,330.5205818879386,37.48342553294236
04,Almería,2016,13958,35,253.9258064516129,308.4297665011951,339.68261928643074,54.50396004958219
04,Almería,2017,15511,35,273.6842105263158,320.06862745098044,348.039326929276,46.38441692466466
04,Almería,2018,16740,36,273.12025239655384,336.5821917808219,354.5320191158901,63.46193938426808
04,Almería,2019,18418,37,299.33734939759034,346.72046109510086,374.0838853295689,47.383111697510515
04,Almería,2020,19700,39,297.4469469469469,369.3369565217391,389.16309644670054,71.8900095747922
04,Almería,2021,20974,42,301.50742574257424,365.5650802752294,396.646133307905,64.05765453265514
04,Almería,2022,21733,41,310.7371794871795,394.9738562091503,413.924676758846,84.23667672197081
04,Almería,2023,23074,40,330.85493827160496,403.39814814814815,433.965805668718,72.54320987654319
04,Almería,2024,24292,43,333.65430402930406,426.5453230472517,462.42581919973657,92.89101901794766
05,Ávila,2011,3259,19,225.1818181818182,290.5260664851373,348.727216937711,65.34424830331909
05,Ávila,2012,3256,19,233.12121212121212,279.49152542372883,332.86578624078624,46.370313302516706
05,Ávila,2013,3404,18,230.62018633540373,266.9842105263158,318.25499412455935,36.36402419091206
05,Ávila,2014,3671,17,247.0487804878049,274.5,309.807954235903,27.45121951219511
05,Ávila,2015,3956,20,212.13616071428572,256.4190177638453,301.4651162790698,44.282857049559595
05,Ávila,2016,4252,21,233.5483870967742,272.64150943396226,311.7650517403575,39.09312233718805
05,Ávila,2017,4661,24,236.46428571428572,288.0,317.72795537438316,51.53571428571428
05,Ávila,2018,5118,25,236.0,277.5,326.7280187573271,41.5
05,Ávila,2019,5662,28,236.51470588235293,296.19079939668177,346.4676792652773,59.67609351432884
05,Ávila,2020,5953,29,235.0,300.0,358.2445825634134,65.0
05,Ávila,2021,6323,31,243.4186046511628,313.9923223652837,366.1089672623755,70.5737177141209
05,Ávila,2022,6599,29,256.74468085106383,313.70440251572325,382.25246249431734,56.95972166465941
05,Ávila,2023,7079,30,257.7225609756097,333.45222371967657,405.4252012996186,75.72966274406684
05,Ávila,2024,7522,33,260.0,354.30555555555554,426.14982717362403,94.30555555555554
06,Badajoz,2011,7489,31,216.9418604651163,285.1,353.88009079983976,68.15813953488373
06,Badajoz,2012,7760,30,240.0,276.98,350.58865979381443,36.98000000000002
06,Badajoz,2013,7998,30,236.78030303030303,277.9525897830983,341.29957489372345,41.17228675279526
06,Badajoz,2014,8780,33,214.11764705882354,261.2391304347826,336.10683371298404,47.12148337595909
06,Badajoz,2015,10120,38,222.95289855072465,267.05329153605015,329.19911067193675,44.1003929853255
06,Badajoz,2016,11033,42,230.33838383838383,271.24418604651163,337.53793165956677,40.905802208127795
06,Badajoz,2017,12058,45,220.0,272.1313672922252,339.2928346326091,52.13136729222521
06,Badajoz,2018,12896,49,220.0,272.0,345.55800248138956,52.0
06,Badajoz,2019,14200,55,242.9607843137255,295.3181818181818,355.5667605633803,52.357397504456316
06,Badajoz,2020,14950,54,250.0,300.0,364.51163879598664,50.0
06,Badajoz,2021,15736,56,250.0,300.0,374.9445221148958,50.0
06,Badajoz,2022,16596,58,250.0,300.0,389.39901181007474,50.0
06,Badajoz,2023,17707,62,250.0,305.13079896907215,398.63788332297963,55.130798969072146
06,Badajoz,2024,18668,63,259.0,322.4673913043478,426.1349367902293,63.467391304347814
07,"Balears, Illes",2011,40909,63,383.86102405375345,498.375,488.55266567259036,114.51397594624655
07,"Balears, Illes",2012,44017,65,373.0693069306931,490.296875,481.05500147670216,117.22756806930693
07,"Balears, Illes",2013,47835,64,366.3582130965594,500.0,482.96717884394275,133.64178690344062
07,"Balears, Illes",2014,52913,64,362.0258620689655,500.0,487.87107138132404,137.97413793103448
07,"Balears, Illes",2015,58761,64,370.1445401985382,501.77754295905106,493.33597113731895,131.63300276051285
07,"Balears, Illes",2016,64168,65,385.7142857142857,525.0,506.96345530482483,139.28571428571428
07,"Balears, Illes",2017,68750,64,400.451171875,551.444012914181,535.6968145454546,150.99284103918103
07,"Balears, Illes",2018,72066,65,416.74418604651163,585.7058823529412,569.7236144645186,168.9616963064296
07,"Balears, Illes",2019,74920,65,458.98107255520506,609.0105263157894,618.6442205018686,150.02945376058437
07,"Balears, Illes",2020,76388,65,473.2142857142857,640.7058823529412,624.2913022987904,167.4915966386555
07,"Balears, Illes",2021,78772,65,500.0,661.2553191489362,649.7535037830701,161.25531914893622
07,"Balears, Illes",2022,81666,66,522.1335227272727,688.2588339222615,682.1293561580095,166.12531119498874
07,"Balears, Illes",2023,85230,66,550.0,737.1592158630014,722.0281942977824,187.15921586300135
07,"Balears, Illes",2024,87703,66,594.7413793103449,774.0345528455284,762.7790383453246,179.29317353518354
08,Barcelona,2011,209250,236,383.33201043669317,589.8987118145013,605.4873357228196,206.56670137780816
08,Barcelona,2012,224005,241,372.50625,562.7674418604652,586.045248989978,190.26119186046515
08,Barcelona,2013,240778,245,369.140625,534.8677614520311,561.2647459485502,165.72713645203112
08,Barcelona,2014,261026,247,366.55142264374626,540.6163265865832,549.1075295181323,174.06490394283696
08,Barcelona,2015,285232,250,372.8119275172326,543.7085481682496,552.1336175464183,170.89662065101703
08,Barcelona,2016,306997,254,375.98458149779736,553.3232155771046,565.5447903399707,177.33863407930727
08,Barcelona,2017,325561,258,387.010345218525,575.2380416610542,585.0263575796855,188.22769644252924
08,Barcelona,2018,341936,257,397.4065934065934,590.4864864864865,613.1490395863553,193.07989307989305
08,Barcelona,2019,350561,261,421.4022988505747,627.0547263681592,665.6778306771147,205.6524275175845
08,Barcelona,2020,358912,268,431.14889705882354,649.2689808481532,685.3945340361983,218.12008378932967
08,Barcelona,2021,368486,267,443.4415479087012,657.8912133891213,695.9109219888951,214.4496654804201
08,Barcelona,2022,373881,268,458.0257898957498,683.5591617983237,720.352499859581,225.53337190257383
08,Barcelona,2023,387730,267,467.5379746835443,702.9631186346928,750.8674567353571,235.42514395114853
08,Barcelona,2024,394862,264,503.9010067114094,732.2148801211329,779.0037962629982,228.31387340972344
09,Burgos,2011,7671,18,300.0,421.0,430.5820623126059,121.0
09,Burgos,2012,8125,19,300.0,419.9006622516556,423.8976,119.9006622516556
09,Burgos,2013,8627,22,300.0,413.2815046391545,404.3771878984583,113.28150463915449
09,Burgos,2014,9391,23,293.55474452554745,400.0,390.84517090831645,106.44525547445255
09,Burgos,2015,10194,25,300.0,410.0,389.58661958014517,110.0
09,Burgos,2016,11124,29,280.0,409.5652173913044,393.91594750089894,129.56521739130437
09,Burgos,2017,11763,27,293.9379562043796,415.61186208429007,404.63852758650006,121.67390587991048
09,Burgos,2018,12553,31,300.0,425.3781801512721,412.28096869274276,125.37818015127209
09,Burgos,2019,13460,31,309.662666397741,450.3682795698925,433.52050520059436,140.70561317215146
09,Burgos,2020,13991,32,315.71683673469386,462.8575,440.66785790865555,147.14066326530616
09,Burgos,2021,14552,35,320.60283018867926,466.88881083793274,456.23708081363384,146.28598064925347
09,Burgos,2022,15069,33,325.33513513513515,470.575,471.73448802176654,145.23986486486484
09,Burgos,2023,15973,35,335.9772611139499,476.65822784810126,479.7059412759031,140.68096673415135
09,Burgos,2024,16584,35,347.8653441011236,500.0,503.12445730824885,152.13465589887642
10,Cáceres,2011,5590,23,206.47143334447043,298.74085836531253,343.05760286225404,92.2694250208421
10,Cáceres,2012,5610,20,217.72782258064515,286.491935483871,344.57700534759357,68.76411290322582
10,Cáceres,2013,5793,22,208.5,282.7765072765073,330.9673744174003,74.27650727650729
10,Cáceres,2014,6273,24,228.03832116788323,272.5186567164179,323.7317073170732,44.4803355485347
10,Cáceres,2015,7151,27,211.5,264.030303030303,320.20220948119146,52.530303030303
10,Cáceres,2016,7827,34,210.82065217391306,268.125,322.75635620288745,57.30434782608694
10,Cáceres,2017,8470,34,208.5,261.97058823529414,326.6524203069658,53.470588235294144
10,Cáceres,2018,8982,34,227.22560975609755,270.85227272727275,338.62870184814074,43.62666297117519
10,Cáceres,2019,9851,37,212.22222222222223,282.36486486486484,360.7106892701249,70.14264264264261
10,Cáceres,2020,10273,39,234.62058823529412,290.69806949806946,362.02696388591454,56.077481262775336
10,Cáceres,2021,10750,40,241.1875,300.9166666666667,366.77218604651165,59.729166666666686
10,Cáceres,2022,11237,46,250.0,305.4988643339472,381.91892853964583,55.49886433394721
10,Cáceres,2023,11999,46,251.9525684931507,314.80054945054945,398.8874072839403,62.84798095739876
10,Cáceres,2024,12543,46,263.0,314.86764705882354,418.73507135454037,51.867647058823536
11,Cádiz,2011,14857,28,288.02608695652174,420.60555555555555,444.9748266810258,132.57946859903382
11,Cádiz,2012,15974,30,300.0,419.42697985004685,449.6422311255791,119.42697985004685
11,Cádiz,2013,17213,29,284.0,400.0,438.71817812118746,116.0
11,Cádiz,2014,19209,31,271.9077669902913,401.3966480446927,442.74876360039565,129.48888105440142
11,Cádiz,2015,22081,31,274.83333333333337,405.7266506518442,446.080431139894,130.8933173185108
11,Cádiz,2016,24297,34,265.4700896929158,414.4871590909091,460.2361608429024,149.01706939799328
11,Cádiz,2017,26454,34,268.2863636363636,409.7877809591983,463.9960686474635,141.5014173228347
11,Cádiz,2018,27923,36,268.69897959183675,420.1089588377724,472.2568850051928,151.40997924593563
11,Cádiz,2019,29486,36,284.4942307692308,442.050366397621,496.804992199688,157.55613562839022
11,Cádiz,2020,30787,36,290.7258064516129,458.6726179191155,507.4496053529087,167.94681146750258
11,Cádiz,2021,32034,35,299.5,462.4520223786923,520.8695760754199,162.95202237869228
11,Cádiz,2022,32791,37,299.17333333333335,475.2093023255814,533.3992253972126,176.03596899224806
11,Cádiz,2023,34209,36,300.6678082191781,502.01149425287355,554.3713934929405,201.34368603369546
11,Cádiz,2024,35437,37,321.6,520.1421052631579,580.4180658633632,198.54210526315785
12,Castellón/Castelló,2011,13252,43,249.0,320.4537050623625,337.2993510413522,71.45370506236247
12,Castellón/Castelló,2012,14060,42,250.0,304.7855615550756,327.85682788051207,54.78556155507562
12,Castellón/Castelló,2013,15126,45,223.8095238095238,298.4749034749035,308.1736083564723,74.6653796653797
12,Castellón/Castelló,2014,16711,47,223.58823529411765,278.87427055702915,298.24612530668423,55.2860352629115
12,Castellón/Castelló,2015,18312,47,203.875,291.8153153153153,297.0694626474443,87.94031531531527
12,Castellón/Castelló,2016,20057,47,221.5,296.7058823529412,304.5986937228898,75.20588235294122
12,Castellón/Castelló,2017,21966,48,226.47222222222223,300.0,312.9030774833834,73.52777777777777
12,Castellón/Castelló,2018,23739,50,228.5,302.20238095238096,324.4033025822486,73.70238095238096
12,Castellón/Castelló,2019,25929,54,250.0,318.0557917109458,346.9396814377724,68.05579171094581
12,Castellón/Castelló,2020,27583,56,251.2945205479452,333.0545039164491,361.1633614907733,81.7599833685039
12,Castellón/Castelló,2021,29164,57,261.7647058823529,342.0,369.6332464682485,80.23529411764707
12,Castellón/Castelló,2022,30507,57,275.2,350.0,391.04156423116007,74.80000000000001
12,Castellón/Castelló,2023,32667,60,289.46503496503493,379.045,411.3967612575382,89.57996503496508
12,Castellón/Castelló,2024,33810,63,300.0,399.2807094732725,444.4307009760426,99.28070947327251
13,Ciudad Real,2011,5981,26,265.8026634382567,317.85912320733974,357.74954021066713,52.05645976908306
13,Ciudad Real,2012,6119,26,257.0348837209302,307.3243369302138,347.6537015852264,50.28945320928358
13,Ciudad Real,2013,6383,28,258.3888888888889,308.1166666666667,330.58671471095096,49.72777777777776
13,Ciudad Real,2014,6708,29,250.0,300.0,316.6700954084675,50.0
13,Ciudad Real,2015,7446,31,243.02100840336135,300.0,310.0511684125705,56.97899159663865
13,Ciudad Real,2016,8195,33,249.11290322580646,300.45669291338584,309.9973154362416,51.343789687579374
13,Ciudad Real,2017,9090,33,250.0,300.0,312.5932893289329,50.0
13,Ciudad Real,2018,9813,32,249.75,300.32439446366783,316.3259961275859,50.57439446366783
13,Ciudad Real,2019,10845,33,257.8655462184874,315.0,333.5505763024435,57.134453781512605
13,Ciudad Real,2020,11773,36,268.3363657300783,314.1154560824949,339.98955236558226,45.77909035241663
13,Ciudad Real,2021,12426,37,277.6649214659686,322.4375,352.20787059391597,44.772578534031425
13,Ciudad Real,2022,13022,36,284.83413461538464,330.88335945663533,357.18368914145293,46.04922484125069
13,Ciudad Real,2023,14012,37,290.84705882352944,345.1117318435754,373.0883528404225,54.26467302004596
13,Ciudad Real,2024,14877,39,292.38235294117646,350.0,393.4533172010486,57.617647058823536
14,Córdoba,2011,9017,26,275.44950396825396,308.75,416.9388932017301,33.300496031746036
14,Córdoba,2012,9260,26,271.81734693877553,313.5,416.9125269978402,41.68265306122447
14,Córdoba,2013,9383,25,254.11764705882354,307.44827586206895,396.0606415858467,53.33062880324542
14,Córdoba,2014,10104,28,253.75,300.3829787234042,382.4753562945368,46.63297872340422
14,Córdoba,2015,11158,27,249.6951219512195,300.0,377.4078687936906,50.304878048780495
14,Córdoba,2016,12220,30,256.0868320610687,300.0,387.0575286415712,43.91316793893128
14,Córdoba,2017,13212,34,257.27450980392155,300.4326923076923,393.5987738419619,43.158182503770774
14,Córdoba,2018,14235,34,263.5287513691128,306.8424657534247,404.0712328767123,43.31371438431188
14,Córdoba,2019,14961,34,281.2657103825137,315.59125,422.6683376779627,34.3255396174863
14,Córdoba,2020,15953,41,280.0,320.780487804878,430.2595750015671,40.78048780487802
14,Córdoba,2021,16805,41,280.0,324.5,439.7839333531687,44.5
14,Córdoba,2022,17356,42,298.3553791887125,340.5957867783985,451.019128831528,42.240407589686015
14,Córdoba,2023,18504,47,296.40140845070425,344.82926829268297,456.4254755728491,48.427859841978716
14,Córdoba,2024,19610,48,300.0,353.820110701107,483.21545130035696,53.82011070110701
15,"Coruña, A",2011,38576,64,228.0,309.87473302007686,362.04552053090003,81.87473302007686
15,"Coruña, A",2012,39900,66,237.75531914893617,310.6723422735981,362.36887218045115,72.91702312466191
15,"Coruña, A",2013,41515,68,234.0,304.2379679144385,358.7056967361195,70.23796791443851
15,"Coruña, A",2014,43568,68,231.75,300.4642248722317,356.0463872567022,68.71422487223168
15,"Coruña, A",2015,46494,69,237.0,300.0,353.53572503979007,63.0
15,"Coruña, A",2016,49244,70,249.8107476635514,300.0,356.6672488018845,50.18925233644859
15,"Coruña, A",2017,52629,72,245.75,317.1367924528302,358.7739649242813,71.3867924528302
15,"Coruña, A",2018,55723,72,250.0,317.53499999999997,362.7190029251835,67.53499999999997
15,"Coruña, A",2019,59611,77,251.61184210526315,333.13253012048193,386.23733874620456,81.52068801521878
15,"Coruña, A",2020,62316,79,263.3636363636364,339.79166666666663,391.49723987418963,76.42803030303025
15,"Coruña, A",2021,64597,84,277.7635401721664,345.175683764339,401.4961066303389,67.41214359217258
15,"Coruña, A",2022,66344,85,297.1189189189189,351.0,419.1631345713252,53.881081081081106
15,"Coruña, A",2023,69500,89,300.0,363.65263157894736,434.62494964028775,63.652631578947364
15,"Coruña, A",2024,72627,89,308.0,383.7821782178218,461.94716840844313,75.78217821782181
16,Cuenca,2011,2525,16,289.03280542986425,325.4154761904762,416.7211881188119,36.38267076061197
16,Cuenca,2012,2541,18,258.5,300.0,396.55332546241635,41.5
16,Cuenca,2013,2628,19,250.0,300.0,366.6560121765601,50.0
16,Cuenca,2014,2836,20,250.0,292.12209302325584,352.4559238363893,42.12209302325584
16,Cuenca,2015,3052,17,250.0,299.48,341.3656618610747,49.48000000000002
16,Cuenca,2016,3245,17,250.0,288.47457627118644,344.9482280431433,38.474576271186436
16,Cuenca,2017,3592,21,250.0,300.0,346.6224944320713,50.0
16,Cuenca,2018,3871,21,254.48,300.0,355.39033841384656,45.52000000000001
16,Cuenca,2019,4291,22,267.7163461538462,306.75,365.56700069913774,39.03365384615381
16,Cuenca,2020,4685,26,271.0,317.237512800091,365.0138740661686,46.237512800091
16,Cuenca,2021,4953,30,262.0,325.68965517241384,384.90793458509995,63.689655172413836
16,Cuenca,2022,5099,30,284.9381443298969,345.75,404.2741714061581,60.811855670103114
16,Cuenca,2023,5458,36,283.25,348.8461538461538,421.34957860021984,65.59615384615381
16,Cuenca,2024,5754,38,293.5,354.25,447.5867222801529,60.75
17,Girona,2011,27832,131,373.65208481824664,487.7,450.54994251221615,114.04791518175335
17,Girona,2012,29536,138,376.91129032258067,475.0,437.05545774647885,98.08870967741933
17,Girona,2013,31872,143,377.1363636363636,475.0,423.6530810742972,97.86363636363637
17,Girona,2014,34723,152,378.04168881211797,471.00968309859155,420.5256746248884,92.96799428647358
17,Girona,2015,37888,156,383.38461538461536,481.53125,422.14476879222974,98.14663461538464
17,Girona,2016,40886,165,394.0318302387268,500.0,429.6674411779093,105.9681697612732
17,Girona,2017,43539,164,400.0,508.5,440.6213509726912,108.5
17,Girona,2018,45855,169,409.4876404494382,528.8219178082192,451.4901319376295,119.33427735878098
17,Girona,2019,48402,171,433.70861833105334,556.6101376720901,479.5597495971241,122.90151934103676
17,Girona,2020,50378,172,449.4347181008902,566.7731481481482,492.5336059391004,117.33843004725793
17,Girona,2021,52318,175,460.0958094555874,600.0,508.7846439084063,139.9041905444126
17,Girona,2022,52214,176,479.5,600.0,528.9758110851495,120.5
17,Girona,2023,55206,177,500.0,622.3597122302158,550.5350505379851,122.35971223021579
17,Girona,2024,56089,177,512.0,650.0,574.2047816862487,138.0
18,Granada,2011,17089,48,273.25,375.8616071428571,397.5656270115279,102.61160714285711
18,Granada,2012,17893,49,283.0,360.75925925925924,388.50701391605656,77.75925925925924
18,Granada,2013,18907,47,300.0,354.38461538461536,374.25609562595866,54.38461538461536
18,Granada,2014,20728,51,278.238198421297,350.0,371.0049208799691,71.761801578703
18,Granada,2015,23317,55,270.3645833333333,334.57108380868806,368.23978213320754,64.20650047535474
18,Granada,2016,25289,56,276.9103778029018,347.0859283513959,370.3003677488236,70.17555054849413
18,Granada,2017,27856,61,279.978813559322,349.0,379.3407524411258,69.02118644067798
18,Granada,2018,29523,63,272.7157534246575,351.5638285811462,390.8886969481421,78.84807515648868
18,Granada,2019,31888,66,290.1831447963801,378.8258762380632,416.37597215253385,88.64273144168311
18,Granada,2020,33173,67,300.0,385.2005813953489,424.92451692641606,85.20058139534888
18,Granada,2021,34573,69,300.0,390.0,443.1110982558644,90.0
18,Granada,2022,35781,73,300.0,400.0,455.850591095833,100.0
18,Granada,2023,38043,75,318.0363559501163,414.23632358466807,484.105380753358,96.1999676345518
18,Granada,2024,39702,81,327.484375,447.66472303206996,510.0440783839605,120.18034803206996
19,Guadalajara,2011,6039,32,344.44882659713164,500.0,487.92482199039574,155.55117340286836
19,Guadalajara,2012,6425,32,340.3115384615385,452.9235509660226,450.0666147859922,112.61201250448414
19,Guadalajara,2013,6972,31,311.6162790697674,441.27745135669784,421.5255306942054,129.66117228693042
19,Guadalajara,2014,7681,33,316.6442953020134,414.10468564650057,408.82241895586515,97.46039034448717
19,Guadalajara,2015,8540,35,299.5,412.45797383801835,406.49484777517563,112.95797383801835
19,Guadalajara,2016,9450,36,300.0,413.79395649704054,409.648253968254,113.79395649704054
19,Guadalajara,2017,10421,37,309.625,411.6327378479435,412.4092697437866,102.00773784794347
19,Guadalajara,2018,11498,40,299.75,443.21238938053096,431.08671073230124,143.46238938053096
19,Guadalajara,2019,12774,40,317.8244870651204,476.34002412909064,463.8510255205887,158.5155370639702
19,Guadalajara,2020,13439,41,320.16129032258067,500.0,484.98913609643574,179.83870967741933
19,Guadalajara,2021,13990,40,332.20197044334975,513.5168650793651,498.51007862759116,181.3148946360153
19,Guadalajara,2022,14486,43,342.7189189189189,517.8230867346939,515.7507248377744,175.10416781577499
19,Guadalajara,2023,15095,46,350.9776119402985,532.0060674737506,538.5542894998343,181.02845553345207
19,Guadalajara,2024,15621,49,358.0,559.5054945054945,575.6660905191729,201.50549450549454
20,Gipuzkoa,2022,37064,65,510.0,652.0,724.1310705806173,142.0
20,Gipuzkoa,2023,37716,64,541.75,670.2045454545455,747.3855923215611,128.4545454545455
20,Gipuzkoa,2024,40602,66,552.0,692.8395117540687,770.7344712083149,140.83951175406867
21,Huelva,2011,3690,25,331.70854271356785,390.5511811023622,394.5550135501355,58.84263838879434
21,Huelva,2012,3833,25,300.0,381.15942028985506,380.74667362379336,81.15942028985506
21,Huelva,2013,4056,29,307.4188034188034,354.0210526315789,370.42258382642996,46.60224921277552
21,Huelva,2014,4561,28,300.0,350.1275510204082,361.40429730322296,50.12755102040819
21,Huelva,2015,5224,31,289.59154929577466,344.5705030487805,355.79019908116385,54.97895375300584
21,Huelva,2016,5738,30,275.0,340.3493691980534,360.84053677239456,65.34936919805341
21,Huelva,2017,6522,34,265.5,338.5921052631579,366.3466727997547,73.09210526315792
21,Huelva,2018,7049,37,285.0,348.4810126582278,375.342176195205,63.481012658227826
21,Huelva,2019,7964,40,300.0,352.9354107641572,394.87995981918635,52.93541076415721
21,Huelva,2020,8507,39,318.0,371.2312633832977,404.9779005524862,53.23126338329769
21,Huelva,2021,8981,40,300.0,380.5371192273101,414.8227368889879,80.53711922731009
21,Huelva,2022,9451,43,301.1736111111111,396.0,426.1698232991218,94.82638888888891
21,Huelva,2023,10109,43,330.0,399.378431372549,447.9394598872292,69.37843137254902
21,Huelva,2024,10734,44,329.5,400.0,463.88187069126144,70.5
22,Huesca,2011,6647,29,300.0,346.40380047505937,370.8828042726042,46.40380047505937
22,Huesca,2012,6829,30,298.25,337.2538665958012,361.20735100307513,39.003866595801185
22,Huesca,2013,6979,32,276.0,347.8659793814433,348.1636337584181,71.86597938144331
22,Huesca,2014,7355,34,280.25,331.34090909090907,338.8565601631543,51.090909090909065
22,Huesca,2015,7979,36,273.70722300140255,329.15625,337.77265321468855,55.449026998597446
22,Huesca,2016,8466,37,263.43243243243245,348.07073954983923,343.00732341129225,84.63830711740678
22,Huesca,2017,9126,44,265.9868421052632,347.388122348057,349.2924611001534,81.4012802427938
22,Huesca,2018,9858,44,287.2177419354839,363.7328767123288,361.0427064313248,76.51513477684489
22,Huesca,2019,10626,47,291.5,361.69889682024655,377.75381140598535,70.19889682024655
22,Huesca,2020,11321,53,300.0,387.07758620689657,392.89921385036655,87.07758620689657
22,Huesca,2021,11855,55,300.0,398.1223529411765,408.13293968789543,98.12235294117647
22,Huesca,2022,12275,56,300.75,404.5385580428902,419.99494908350306,103.7885580428902
22,Huesca,2023,12821,57,300.0,431.02702702702703,439.4070665314718,131.02702702702703
22,Huesca,2024,13351,58,328.5681818181818,446.94127516778525,456.5010111602127,118.37309334960344
23,Jaén,2011,5835,23,250.0,307.4892525647289,353.2709511568123,57.48925256472887
23,Jaén,2012,6021,27,242.0,300.2678571428571,350.538448762664,58.26785714285711
23,Jaén,2013,6084,26,250.0,300.0,338.63740959894807,50.0
23,Jaén,2014,6593,27,254.0151515151515,300.0,334.62520855452755,45.9848484848485
23,Jaén,2015,7381,28,244.5,299.4628263337117,330.6974664679583,54.96282633371169
23,Jaén,2016,7937,32,248.8269230769231,299.25,334.9420435932972,50.423076923076906
23,Jaén,2017,8616,34,250.0,300.0,339.2064763231198,50.0
23,Jaén,2018,9315,37,254.0,298.42698706099816,347.8695652173913,44.42698706099816
23,Jaén,2019,9998,36,261.25,312.22150997151,359.8877775555111,50.97150997150999
23,Jaén,2020,10547,40,256.71153846153845,310.5625,367.11434531146296,53.85096153846155
23,Jaén,2021,10995,40,274.74,317.87656462404885,375.01082310140976,43.136564624048845
23,Jaén,2022,11634,44,277.5,321.9077386692382,384.75322331098505,44.4077386692382
23,Jaén,2023,12410,46,275.5603448275862,331.55987103174607,392.93319903303785,55.99952620415985
23,Jaén,2024,13189,50,287.30357142857144,342.5490657346418,412.7144590188794,55.24549430607033
24,León,2011,12529,35,227.02702702702703,310.0,347.0775001995371,82.97297297297297
24,León,2012,12875,38,233.11893203883494,303.10526315789474,350.5766213592233,69.9863311190598
24,León,2013,13285,39,236.0,298.0,341.1257056831012,62.0
24,León,2014,14034,40,248.44103773584905,304.4351851851852,341.12049308821435,55.99414744933617
24,León,2015,15009,43,243.60416666666669,300.0,340.5456059697515,56.395833333333314
24,León,2016,15910,44,248.7986417459949,336.35621028594124,349.8705216844752,87.55756853994635
24,León,2017,16784,44,263.64630503144656,335.9578947368421,353.724261201144,72.31158970539553
24,León,2018,17608,45,262.4458333333333,330.0,361.7139368468878,67.55416666666667
24,León,2019,18833,45,280.0,357.625,369.0259119630436,77.625
24,León,2020,19526,47,284.6190476190476,354.66676315948916,379.02007579637404,70.04771554044157
24,León,2021,20138,51,283.49829497016196,354.95430251202566,388.1510577018572,71.4560075418637
24,León,2022,20480,49,284.8979591836735,350.0,404.251123046875,65.10204081632651
24,León,2023,21365,52,290.7155172413793,374.25,413.12131991575006,83.5344827586207
24,León,2024,22248,54,289.9129027617952,375.45212765957444,435.62837108953613,85.53922489777926
25,Lleida,2011,12106,56,319.68025823989126,394.7740963855422,382.79877746571947,75.09383814565092
25,Lleida,2012,12606,58,307.7432647997164,365.1363636363636,370.50087260034906,57.3930988366472
25,Lleida,2013,13269,58,303.3453533747652,361.8478260869565,365.29452106413447,58.50247271219132
25,Lleida,2014,14200,63,302.8666666666667,353.6818181818182,358.1783802816901,50.81515151515151
25,Lleida,2015,15429,67,303.031914893617,361.6333333333333,352.7804135070322,58.601418439716326
25,Lleida,2016,16677,70,300.0,373.75,358.45301912814057,73.75
25,Lleida,2017,18124,73,300.0,376.50887573964496,364.713418671375,76.50887573964496
25,Lleida,2018,19406,80,300.0,376.4720630372493,367.75729155931157,76.47206303724931
25,Lleida,2019,20949,88,307.0669642857143,385.79720279720283,384.17905389278724,78.73023851148855
25,Lleida,2020,21897,92,323.70341474445956,399.71153846153845,396.82340046581726,76.00812371707889
25,Lleida,2021,22840,93,338.2142857142857,402.9160839160839,409.2224168126095,64.70179820179817
25,Lleida,2022,23789,97,350.0,408.0,425.35772836184793,58.0
25,Lleida,2023,24919,102,358.1818181818182,419.25,446.7200529716281,61.06818181818181
25,Lleida,2024,25913,106,375.5722891566265,450.0,463.87473468915215,74.42771084337352
26,"Rioja, La",2011,7880,23,300.0,371.0,403.2722081218274,71.0
26,"Rioja, La",2012,8070,23,300.0,351.0,384.229863692689,51.0
26,"Rioja, La",2013,8213,24,283.75,321.41326530612247,376.1100694021673,37.66326530612247
26,"Rioja, La",2014,8896,24,294.6875,326.9664948453608,361.46391636690646,32.278994845360785
26,"Rioja, La",2015,9565,24,293.83777239709445,327.17201834862385,362.62352326189233,33.3342459515294
26,"Rioja, La",2016,10439,26,280.36290322580646,310.5769230769231,369.6173005077115,30.214019851116632
26,"Rioja, La",2017,11180,27,279.78378378378375,321.0115860304222,379.31610017889085,41.227802246638475
26,"Rioja, La",2018,11944,28,289.25,338.5,380.6264233087743,49.25
26,"Rioja, La",2019,12928,28,299.2029702970297,347.2560975609756,403.04602413366337,48.053127263945896
26,"Rioja, La",2020,13946,32,300.0,365.4166666666667,419.9987093073283,65.41666666666669
26,"Rioja, La",2021,14526,32,305.5,364.03181818181815,425.48216990224427,58.53181818181815
26,"Rioja, La",2022,15121,32,319.72222222222223,375.7848837209302,445.38654850869654,56.062661498707996
26,"Rioja, La",2023,15924,33,336.12307692307695,395.7044673539519,465.5128108515448,59.58139043087493
26,"Rioja, La",2024,16451,34,350.0,402.7162162162162,481.2781593824084,52.716216216216196
27,Lugo,2011,7323,29,235.0,262.524064171123,301.35750375529153,27.524064171122973
27,Lugo,2012,7512,31,216.25,269.86979166666663,298.4218583599574,53.61979166666663
27,Lugo,2013,7631,30,212.6875,264.9253970465311,287.98060542523916,52.23789704653109
27,Lugo,2014,7947,30,214.0,258.76276595744685,287.3042657606644,44.762765957446845
27,Lugo,2015,8601,33,220.0,255.14285714285714,282.86850366236484,35.14285714285714
27,Lugo,2016,9105,33,224.0,272.3076923076923,290.20691927512354,48.30769230769232
27,Lugo,2017,9661,36,227.66666666666666,275.0634328358209,296.1747231135493,47.39676616915423
27,Lugo,2018,10412,38,231.6549295774648,276.875,299.50316941990013,45.2200704225352
27,Lugo,2019,11281,40,242.671875,285.9090719644346,316.098395532311,43.23719696443459
27,Lugo,2020,11876,43,240.08620689655174,292.36805555555554,320.6980464802964,52.2818486590038
27,Lugo,2021,12380,46,250.0,299.22222222222223,323.95500807754445,49.22222222222223
27,Lugo,2022,12837,48,250.0,302.4545240503007,338.63986912830103,52.45452405030068
27,Lugo,2023,13636,47,259.17073170731703,311.554347826087,352.42864476386035,52.383616118769964
27,Lugo,2024,14415,50,274.73399014778323,331.6035954063604,367.8738813735692,56.86960525857717
28,Madrid,2011,225146,141,438.0,595.0,673.3589715118188,157.0
28,Madrid,2012,244293,143,415.21706964994587,576.9508477060634,647.3059604655066,161.73377805611756
28,Madrid,2013,264616,142,400.0,550.5263321821645,615.1897957795447,150.52633218216454
28,Madrid,2014,290961,145,379.6078431372549,528.2758620689655,594.4006894394781,148.66801893171055
28,Madrid,2015,320005,150,382.1864485981308,523.7475963069086,594.7816221621537,141.56114770877775
28,Madrid,2016,348942,151,396.3429669496222,534.0141792489353,609.421826549971,137.67121229931308
28,Madrid,2017,378541,156,389.8685483870968,535.752435286461,622.766889187697,145.88388689936426
28,Madrid,2018,404168,155,400.0,557.5782051674912,648.4884058114447,157.5782051674912
28,Madrid,2019,421129,158,416.15293778801845,594.0686475409836,710.0636147118817,177.9157097529652
28,Madrid,2020,434762,160,423.053588120006,611.5428619544778,720.250964895736,188.48927383447176
28,Madrid,2021,450633,160,433.7157335907336,635.2834611376572,734.2731335698894,201.56772754692366
28,Madrid,2022,464915,162,454.47931555799886,651.7360374919199,765.1048019530451,197.25672193392103
28,Madrid,2023,484746,163,468.01346604215456,673.9636399165183,791.2327817042327,205.95017387436377
28,Madrid,2024,499787,163,482.5456370938299,710.1465922286479,831.0970173293823,227.60095513481804
29,Málaga,2011,25859,33,330.60674157303373,460.0,485.21176379597046,129.39325842696627
29,Málaga,2012,27811,33,353.0,455.5900621118012,463.65423753191186,102.59006211180122
29,Málaga,2013,30880,35,347.0,451.94227478796597,448.49216321243523,104.94227478796597
29,Málaga,2014,35338,34,327.45454545454544,438.57896631075613,447.00665006508575,111.12442085621069
29,Málaga,2015,39997,39,306.8579332402029,429.4380895043147,448.4157311798385,122.58015626411179
29,Málaga,2016,44387,41,334.0,444.08885542168673,456.57205938675736,110.08885542168673
29,Málaga,2017,48832,45,310.0,455.7835820895522,469.32351736566187,145.78358208955223
29,Málaga,2018,52033,45,338.70588235294116,474.20785714285716,498.5761151576884,135.501974789916
29,Málaga,2019,55523,47,350.0,513.0764619883041,542.4836734326316,163.07646198830412
29,Málaga,2020,58183,55,326.5,512.3432835820895,558.8008009212313,185.8432835820895
29,Málaga,2021,61909,58,350.0,516.6040596094552,579.2237800642879,166.60405960945525
29,Málaga,2022,65354,61,350.0,554.9742895805142,605.3975885179178,204.9742895805142
29,Málaga,2023,69797,65,369.64285714285717,571.875,642.2362995544221,202.23214285714283
29,Málaga,2024,72989,66,393.75,611.3885819521179,687.4471906725671,217.63858195211787
30,Murcia,2011,21026,38,287.67911844792377,348.9625748502994,367.3886616569961,61.283456402375634
30,Murcia,2012,22120,38,282.9439511653718,331.8252284694063,363.7637884267631,48.881277304034484
30,Murcia,2013,24359,38,261.1890252662201,330.9,341.70351820682293,69.71097473377989
30,Murcia,2014,27561,39,248.42657342657344,302.2006953465271,331.7647037480498,53.77412191995364
30,Murcia,2015,31475,38,252.5,306.6024590163934,332.31370929308974,54.102459016393425
30,Murcia,2016,35106,38,261.952786377709,306.28414811401024,339.580527545149,44.33136173630123
30,Murcia,2017,38848,39,267.8466898954704,306.1247640154313,347.0090609555189,38.278074119960934
30,Murcia,2018,41795,39,282.709022556391,320.35346903339143,359.5597559516689,37.64444647700043
30,Murcia,2019,45693,39,300.0,341.06217833932857,376.43260455649664,41.06217833932857
30,Murcia,2020,48534,39,300.0,351.3047619047619,390.1887130671282,51.304761904761904
30,Murcia,2021,51165,39,301.74339792913463,355.4975232690351,402.865689436138,53.7541253399005
30,Murcia,2022,53066,40,312.93558673469386,374.0555172568405,418.2161270870237,61.11993052214666
30,Murcia,2023,56818,40,328.1515151515151,388.16092112520687,437.98755676018163,60.00940597369174
30,Murcia,2024,59178,40,347.38520408163265,405.08266444749665,460.06206698435227,57.697460365864
31,Navarra,2021,20992,83,330.82835820895525,468.648711622807,515.4464081554878,137.82035341385176
31,Navarra,2022,23471,85,299.3333333333333,425.0,446.09288057603,125.66666666666669
31,Navarra,2023,24479,86,360.19144736842105,522.1864114552893,578.629560031047,161.99496408686826
31,Navarra,2024,24534,82,360.5043644298963,529.4396637669827,595.3630879595663,168.93529933708635
32,Ourense,2011,8372,17,217.0,316.2162162162162,314.1506211180124,99.2162162162162
32,Ourense,2012,8389,18,237.04112465848388,300.0,316.2059840267016,62.95887534151612
32,Ourense,2013,8643,18,245.83321633157362,325.265625,314.98600023140114,79.43240866842638
32,Ourense,2014,9017,18,233.35714285714286,306.4294117647059,312.2744815348786,73.07226890756303
32,Ourense,2015,9615,18,247.16165592937244,307.1580665967911,312.2287051482059,59.99641066741867
32,Ourense,2016,10146,21,244.24460431654677,315.0,317.90252316183717,70.75539568345323
32,Ourense,2017,10753,20,247.22222222222223,330.8998215651287,322.33181437738307,83.67759934290649
32,Ourense,2018,11392,22,250.0,338.9729125615763,331.6309691011236,88.97291256157632
32,Ourense,2019,12056,22,265.93543046357615,349.75,337.2621101526211,83.81456953642385
32,Ourense,2020,12592,26,257.08319752281614,349.75,343.78748411689963,92.66680247718386
32,Ourense,2021,13026,28,276.94184214889736,364.1969453376206,354.7260095194227,87.25510318872324
32,Ourense,2022,13448,36,266.75,336.25,364.5640987507436,69.5
32,Ourense,2023,14245,36,290.2448979591837,357.0920658682635,377.10782730782734,66.84716790907981
32,Ourense,2024,14972,43,279.3620689655172,350.0,386.3769035532995,70.63793103448279
33,Asturias,2011,34537,45,264.8815165876777,340.3225806451613,386.6071170049512,75.44106405748357
33,Asturias,2012,35078,47,270.6362297496318,338.88461538461536,387.42579394492276,68.24838563498355
33,Asturias,2013,36167,47,273.99624582869853,338.76166666666666,379.149805070921,64.76542083796812
33,Asturias,2014,38549,52,265.25,340.35022522522524,374.82469065345407,75.10022522522524
33,Asturias,2015,42306,55,269.905303030303,336.25576923076926,371.79442632250743,66.35046620046626
33,Asturias,2016,45101,55,271.3258986928105,343.830985915493,376.6239772954037,72.5050872226825
33,Asturias,2017,47822,58,272.25,344.734693877551,381.7627660909205,72.48469387755102
33,Asturias,2018,49950,58,277.20588235294116,342.3266225961538,387.55727727727725,65.12074024321265
33,Asturias,2019,52323,57,291.8144329896907,356.9070208728653,408.06272576113753,65.09258788317459
33,Asturias,2020,53714,56,300.0,374.54030012157534,412.9722604907473,74.54030012157534
33,Asturias,2021,55463,58,300.0,380.4104398516163,423.7178659646972,80.41043985161627
33,Asturias,2022,56462,57,300.0,398.0,432.84447947291983,98.0
33,Asturias,2023,58814,60,301.18125,400.0,449.9222634066719,98.81875000000002
33,Asturias,2024,60454,60,318.5756108597285,408.6836001085187,467.4118503324842,90.1079892487902
34,Palencia,2011,3677,14,255.8488095238095,341.6604606112785,345.5683981506663,85.81165108746899
34,Palencia,2012,3736,13,259.0,357.41293532338307,349.4186295503212,98.41293532338307
34,Palencia,2013,3911,14,248.52542372881356,353.8315073100996,342.9547430324725,105.30608358128603
34,Palencia,2014,4142,12,264.4133858267717,348.05962054552424,341.38894253983585,83.64623471875257
34,Palencia,2015,4569,13,278.42391304347825,353.7732793522267,344.83694462683303,75.34936630874847
34,Palencia,2016,5020,16,271.5,359.28900792348446,353.9958167330677,87.78900792348446
34,Palencia,2017,5300,17,274.0,375.37156304186277,364.64584905660377,101.37156304186277
34,Palencia,2018,5513,14,283.34547803617573,363.2284042553191,370.17649192816975,79.88292621914337
34,Palencia,2019,5775,18,293.8636363636364,393.61146496815286,387.53800865800866,99.74782860451649
34,Palencia,2020,6019,20,298.75,392.5,388.6326632330952,93.75
34,Palencia,2021,6115,19,300.0,397.6046511627907,393.53164349959115,97.60465116279067
34,Palencia,2022,6243,21,300.0,414.1560975609756,406.6894121415986,114.15609756097558
34,Palencia,2023,6557,21,300.3114754098361,368.0,416.2678053988104,67.68852459016392
34,Palencia,2024,6865,23,314.0,382.0,432.23525127458123,68.0
35,"Palmas, Las",2011,30560,31,358.21021341463415,412.3800007491759,413.7458442408377,54.16978733454175
35,"Palmas, Las",2012,32813,31,354.6296296296296,412.31561497326203,410.749459055862,57.68598534363241
35,"Palmas, Las",2013,35203,31,344.4485981308411,414.5563120567376,402.89904269522486,70.10771392589652
35,"Palmas, Las",2014,38241,31,347.95164790451645,405.50847457627117,402.6039852514317,57.55682667175472
35,"Palmas, Las",2015,41874,31,347.1999593925643,400.54536082474226,404.1609113053446,53.34540143217794
35,"Palmas, Las",2016,45284,32,353.558540860735,413.3973885096393,415.3272016606307,59.838847648904334
35,"Palmas, Las",2017,48689,31,356.6460843373494,432.090826934663,426.6381728932613,75.44474259731362
35,"Palmas, Las",2018,51028,31,371.2272604724834,456.5891891891892,438.2154307439053,85.36192871670579
35,"Palmas, Las",2019,53809,32,399.44861202908135,483.4284975914326,473.41329517366984,83.97988556235123
35,"Palmas, Las",2020,55813,32,400.44585987261144,472.5937297472456,474.75147367100857,72.14786987463418
35,"Palmas, Las",2021,57388,32,424.0456609755903,490.8216083622719,486.76786087683837,66.7759473866816
35,"Palmas, Las",2022,58519,32,441.26558038485416,503.7115117891817,512.2679642509271,62.44593140432755
35,"Palmas, Las",2023,60811,32,448.8505025125628,527.2040694229854,527.91422604463,78.35356691042261
35,"Palmas, Las",2024,63030,32,476.37621640851626,561.5354444444445,555.5274472473425,85.15922803592821
36,Pontevedra,2011,24154,40,299.75257731958766,346.9876533971865,391.4660925726588,47.23507607759882
36,Pontevedra,2012,25112,40,291.81860178626425,344.4217267552182,387.6943294042689,52.60312496895392
36,Pontevedra,2013,26686,42,279.98591549295776,343.18333333333334,376.3668215543731,63.19741784037558
36,Pontevedra,2014,28513,46,290.15788530465954,330.3298071587125,371.43183810893277,40.17192185405298
36,Pontevedra,2015,30597,50,260.9754098360656,335.53839037927844,369.93417655325686,74.56298054321286
36,Pontevedra,2016,32592,53,271.2328767123288,342.7284427284427,372.9868065783014,71.49556601611391
36,Pontevedra,2017,34763,52,273.712962962963,350.0,381.9969220147858,76.28703703703701
36,Pontevedra,2018,37148,55,281.9292773713259,342.97309123525775,387.01843975449555,61.04381386393186
36,Pontevedra,2019,40213,56,296.85483870967744,370.35773484715133,405.52696889065726,73.5028961374739
36,Pontevedra,2020,41993,57,298.1111111111111,378.6163522012579,413.9194389541114,80.5052410901468
36,Pontevedra,2021,43573,57,300.0,388.4959349593496,427.1668693915957,88.4959349593496
36,Pontevedra,2022,44988,57,301.0,400.0,446.4190895349871,99.0
36,Pontevedra,2023,46402,57,324.3697478991597,400.0,459.2906986767812,75.63025210084032
36,Pontevedra,2024,48088,59,335.5970066518847,417.8888098624941,486.58889951755117,82.29180321060937
37,Salamanca,2011,10929,21,278.33098591549293,385.82758620689657,389.90804282185013,107.49660029140364
37,Salamanca,2012,11211,22,267.2219101123596,378.6249051353402,387.5521362947106,111.40299502298063
37,Salamanca,2013,11496,21,250.0,376.4105504587156,385.53975295755043,126.41055045871559
37,Salamanca,2014,12056,23,250.0,362.2468085106383,384.3692767086928,112.24680851063829
37,Salamanca,2015,12836,26,246.234375,385.06681190994914,384.2519476472421,138.83243690994914
37,Salamanca,2016,13687,28,248.75776397515529,371.83532349109856,383.16468181486084,123.07755951594328
37,Salamanca,2017,14656,27,250.0,376.2366437020668,385.8853711790393,126.23664370206677
37,Salamanca,2018,15247,28,255.802734375,382.1840992685917,398.9747491309766,126.3813648935917
37,Salamanca,2019,16077,29,282.22222222222223,387.683615819209,423.5609877464701,105.4613935969868
37,Salamanca,2020,16634,32,278.84078887957173,409.3903234200463,427.1254659131898,130.54953454047455
37,Salamanca,2021,17104,32,292.9166666666667,413.55857516252263,428.0602198316183,120.64190849585594
37,Salamanca,2022,17370,34,296.3333333333333,416.42819912775235,448.12256764536556,120.09486579441904
37,Salamanca,2023,18244,33,300.0,415.5903614457831,468.66811006358256,115.59036144578312
37,Salamanca,2024,19023,34,312.46774193548384,438.2748682476943,483.8225306208274,125.80712631221047
38,Santa Cruz de Tenerife,2011,25439,45,337.0,391.11675126903555,401.3916034435316,54.11675126903555
38,Santa Cruz de Tenerife,2012,26400,44,327.7752650259189,387.1888380632313,396.666553030303,59.4135730373124
38,Santa Cruz de Tenerife,2013,27665,44,313.1575829383886,380.01612903225805,386.8252304355684,66.85854609386945
38,Santa Cruz de Tenerife,2014,30440,44,316.27272727272725,378.2972314791079,384.4797306176084,62.02450420638064
38,Santa Cruz de Tenerife,2015,33616,47,322.3693181818182,375.87842465753425,387.74238457877203,53.50910647571607
38,Santa Cruz de Tenerife,2016,36476,48,321.82171052631577,388.36176321138214,393.4839620572431,66.54005268506637
38,Santa Cruz de Tenerife,2017,40008,48,335.9889817629179,401.28271543086174,403.17971405718856,65.29373366794385
38,Santa Cruz de Tenerife,2018,42721,50,334.45491803278685,412.48946605854985,422.8642587954402,78.034548025763
38,Santa Cruz de Tenerife,2019,45521,52,353.94132653061223,442.16257612257925,453.11941741174405,88.22124959196702
38,Santa Cruz de Tenerife,2020,48107,51,373.7394366197183,451.2782571776532,465.7312657201655,77.53882055793491
38,Santa Cruz de Tenerife,2021,50206,53,375.8333333333333,459.1044776119403,476.8089471377923,83.27114427860698
38,Santa Cruz de Tenerife,2022,51736,53,397.15,490.4453781512605,501.5361450440699,93.29537815126054
38,Santa Cruz de Tenerife,2023,54136,53,425.0425531914894,505.7293233082707,526.1035540121177,80.6867701167813
38,Santa Cruz de Tenerife,2024,55876,53,452.8536585365854,539.1020408163265,559.8442086047677,86.24838227974112
39,Cantabria,2011,13072,45,333.0,405.2247191011236,447.5860618115055,72.22471910112358
39,Cantabria,2012,13757,45,322.0,410.53921568627453,442.59649632914153,88.53921568627453
39,Cantabria,2013,14311,48,302.32142857142856,400.0,422.82447068688424,97.67857142857144
39,Cantabria,2014,15385,49,322.90776699029124,405.27027027027026,419.97835554111145,82.36250327997902
39,Cantabria,2015,17229,51,317.80479452054794,391.8695652173913,413.06779267514077,74.06477069684337
39,Cantabria,2016,19025,56,326.781914893617,400.75,419.6158212877792,73.968085106383
39,Cantabria,2017,20757,60,334.1513157894737,402.23137721763726,421.2718600953895,68.08006142816356
39,Cantabria,2018,22320,61,333.81742738589213,400.0,425.38006272401435,66.18257261410787
39,Cantabria,2019,24336,65,352.39798488664985,425.9189189189189,455.8755752794214,73.52093403226905
39,Cantabria,2020,25568,68,350.0,431.1617647058823,461.56167866082603,81.16176470588232
39,Cantabria,2021,26674,67,363.2123161764706,436.30328681461145,467.3932668516158,73.09097063814085
39,Cantabria,2022,27366,66,380.2241379310345,450.6367924528302,490.08342468756854,70.41265452179573
39,Cantabria,2023,28728,68,399.0783783783784,475.32824764521195,508.880186577555,76.24986926683357
39,Cantabria,2024,29444,69,408.0,493.22033898305085,539.09754109496,85.22033898305085
40,Segovia,2011,3861,28,326.5,419.20846774193546,422.84511784511784,92.70846774193546
40,Segovia,2012,3912,30,323.6875,398.4203910614525,414.9647239263804,74.7328910614525
40,Segovia,2013,4112,30,314.5107892107892,386.25,398.1087062256809,71.7392107892108
40,Segovia,2014,4419,30,300.0,376.96153846153845,384.54921928038016,76.96153846153845
40,Segovia,2015,4815,36,300.0,374.1525423728814,375.3757009345794,74.15254237288138
40,Segovia,2016,5285,37,300.0,374.3864734299517,384.22724692526015,74.3864734299517
40,Segovia,2017,5645,36,303.5121951219512,391.0,385.6857395925598,87.48780487804879
40,Segovia,2018,6120,38,300.0,369.5630054172882,388.31748366013073,69.5630054172882
40,Segovia,2019,6703,38,307.24365884591,385.54818866241703,410.23780396837236,78.30452981650706
40,Segovia,2020,7035,38,323.12845528455284,406.6615853658536,417.3876332622601,83.53313008130078
40,Segovia,2021,7336,40,324.78092783505156,415.25,431.6503544165758,90.46907216494844
40,Segovia,2022,7573,44,333.1363636363636,420.32024793388433,446.49610458206786,87.1838842975207
40,Segovia,2023,8003,42,347.6010638297872,449.75,466.1471948019493,102.14893617021278
40,Segovia,2024,8456,42,358.5,484.29920212765956,496.3777199621571,125.79920212765956
41,Sevilla,2011,24753,58,324.82758620689657,464.9026898734177,490.2999232416272,140.07510366652116
41,Sevilla,2012,26193,60,317.0,452.7069475240207,477.62593059214294,135.70694752402068
41,Sevilla,2013,28036,62,300.0,413.74747474747477,463.69435725495794,113.74747474747477
41,Sevilla,2014,30954,68,300.0,400.0,450.0076242165794,100.0
41,Sevilla,2015,34550,69,300.0,389.98230088495575,447.9247467438495,89.98230088495575
41,Sevilla,2016,38073,70,300.0,400.25,462.4460116092769,100.25
41,Sevilla,2017,41864,75,297.1875,399.3181818181818,465.2056898528569,102.13068181818181
41,Sevilla,2018,45163,77,300.0,401.37221095334684,471.7356907202799,101.37221095334684
41,Sevilla,2019,47896,79,301.07653061224494,424.2280759904402,511.32917153833307,123.15154537819524
41,Sevilla,2020,49923,80,300.0,441.8344617612213,524.3106984756525,141.8344617612213
41,Sevilla,2021,52645,84,307.46982758620686,450.0,542.2433469465286,142.53017241379314
41,Sevilla,2022,55684,86,311.69747899159665,456.4936102236422,549.4943430788018,144.79613123204552
41,Sevilla,2023,59187,86,316.2235576923077,480.5148972120529,582.5668981364151,164.29133951974524
41,Sevilla,2024,62498,89,340.0,488.4952380952381,606.2342314954078,148.4952380952381
42,Soria,2011,2345,14,281.375,331.0,403.01663113006396,49.625
42,Soria,2012,2362,13,282.10526315789474,300.0,391.08636748518205,17.89473684210526
42,Soria,2013,2367,12,262.25,324.64312977099235,374.74397972116606,62.393129770992346
42,Soria,2014,2531,13,261.35714285714283,320.0,374.4547609640458,58.64285714285717
42,Soria,2015,2668,12,256.545,312.4186746987952,366.13943028485755,55.873674698795185
42,Soria,2016,2857,12,260.9119047619048,332.64453125,375.1942597129856,71.7326264880952
42,Soria,2017,2996,13,270.0,302.84090909090907,372.53938584779706,32.840909090909065
42,Soria,2018,3198,13,268.04,323.1818181818182,378.1744840525328,55.14181818181817
42,Soria,2019,3429,13,276.1864406779661,334.0,415.13735783027124,57.81355932203388
42,Soria,2020,3615,14,294.6034518396031,349.91696917750664,418.0752420470263,55.313517337903534
42,Soria,2021,3779,14,295.4175035868006,355.5568181818182,427.3511510981741,60.139314595017595
42,Soria,2022,3920,15,298.768115942029,391.7435897435897,447.181887755102,92.97547380156072
42,Soria,2023,4143,15,300.0,409.433962264151,462.5368090755491,109.43396226415098
42,Soria,2024,4305,15,313.1330128205128,420.55232558139534,493.04970963995356,107.41931276088252
43,Tarragona,2011,22227,70,335.5712414018998,428.6078274760383,424.21509875376796,93.03658607413854
43,Tarragona,2012,23457,76,323.1081953004623,421.83547173738515,410.1100311207742,98.72727643692286
43,Tarragona,2013,25223,77,312.0,405.0,396.48654006264127,93.0
43,Tarragona,2014,27630,79,303.59715025906735,400.0,388.09580166485705,96.40284974093265
43,Tarragona,2015,30558,86,305.41412037037037,403.0980021598272,387.2345048759736,97.68388178945685
43,Tarragona,2016,33485,89,300.0,409.0940017905103,393.5242944602061,109.09400179051028
43,Tarragona,2017,36102,90,312.25,423.0297044519267,402.2181596587447,110.7797044519267
43,Tarragona,2018,38965,94,308.25,425.10088333841003,412.73776466059286,116.85088333841003
43,Tarragona,2019,42358,96,325.63,456.0945861409739,437.08156664620617,130.4645861409739
43,Tarragona,2020,44350,95,350.0,473.40274214949136,450.681916572717,123.40274214949136
43,Tarragona,2021,46378,100,350.0,470.67857142857144,459.68526025270603,120.67857142857144
43,Tarragona,2022,47489,96,361.5116822429907,490.2613778054863,478.6768514813957,128.74969556249562
43,Tarragona,2023,49543,102,352.41666666666663,504.65098201793023,499.3087620854611,152.2343153512636
43,Tarragona,2024,50807,105,376.47058823529414,525.0,523.1720432223906,148.52941176470586
44,Teruel,2011,3023,18,259.9642857142857,309.2894736842105,351.19847833278203,49.3251879699248
44,Teruel,2012,2999,18,259.015625,299.21875,330.23641213737915,40.203125
44,Teruel,2013,3020,18,242.3998447204969,295.08076923076925,314.67980132450333,52.68092451027235
44,Teruel,2014,3147,19,246.14285714285714,295.7977528089888,308.80743565300287,49.65489566613164
44,Teruel,2015,3392,21,230.0,281.7699115044248,303.09375,51.76991150442478
44,Teruel,2016,3635,20,247.2826086956522,281.7274998169973,305.52544704264096,34.44489112134511
44,Teruel,2017,3919,20,227.7406743185079,281.22352568167406,313.6055116101046,53.48285136316616
44,Teruel,2018,4173,22,250.1184210526316,300.0,321.4239156482147,49.88157894736841
44,Teruel,2019,4590,24,257.28319579894975,300.0,339.00217864923746,42.71680420105025
44,Teruel,2020,4862,27,258.73049645390074,300.0,350.2733443027561,41.26950354609926
44,Teruel,2021,5011,25,261.8536585365854,303.8796296296296,356.12153262821795,42.025971093044234
44,Teruel,2022,5096,26,270.2631578947368,324.3181818181818,368.7103610675039,54.05502392344499
44,Teruel,2023,5490,32,282.2957920792079,328.8058608058608,388.16684881602913,46.51006872665289
44,Teruel,2024,5638,30,289.0072463768116,349.34438775510205,406.38754877616174,60.337141378290426
45,Toledo,2011,10352,81,290.0,420.4347826086956,420.96319551777435,130.43478260869563
45,Toledo,2012,10727,79,281.12573099415204,400.0,398.56399738976415,118.87426900584796
45,Toledo,2013,11434,82,261.3611111111111,366.2845417236662,369.82132237187335,104.92343061255514
45,Toledo,2014,12650,86,251.90604026845637,349.5930679020074,356.6386561264822,97.68702763355105
45,Toledo,2015,14175,90,257.0254010695187,336.74395161290323,352.56557319223987,79.71855054338454
45,Toledo,2016,15855,101,263.4,327.0,358.2559444970041,63.60000000000002
45,Toledo,2017,17914,103,263.2701674277017,335.08012968967114,361.4624316177291,71.80996226196942
45,Toledo,2018,19875,108,268.10084541062804,350.0,371.8120754716981,81.89915458937196
45,Toledo,2019,22867,116,275.97587719298247,377.998743718593,397.6636200638475,102.02286652561054
45,Toledo,2020,24836,123,290.1190476190476,381.5882352941177,412.0805685295539,91.46918767507009
45,Toledo,2021,26149,126,289.09375,398.0,428.24390990095225,108.90625
45,Toledo,2022,27507,129,300.0,420.7792207792208,441.93176282400844,120.7792207792208
45,Toledo,2023,29535,133,300.0,414.7889447236181,466.49686812256647,114.7889447236181
45,Toledo,2024,31226,137,303.05,446.0,490.07324024851084,142.95
46,Valencia/Valéncia,2011,54857,125,298.20359281437123,382.0,414.84505167982206,83.79640718562877
46,Valencia/Valéncia,2012,57788,127,286.7979559748428,366.5970149253732,397.84187028448815,79.79905895053037
46,Valencia/Valéncia,2013,62427,130,276.5,352.1112299465241,376.7468242907716,75.61122994652408
46,Valencia/Valéncia,2014,69555,139,276.30551643192484,348.1893004115226,373.56192940838184,71.88378397959775
46,Valencia/Valéncia,2015,78684,150,260.08928571428567,346.0916030534351,372.3756290986732,86.00231733914944
46,Valencia/Valéncia,2016,87247,161,266.0,350.0,375.79415911148806,84.0
46,Valencia/Valéncia,2017,95963,166,267.0626166044776,355.2297359888837,387.4666486041495,88.16711938440608
46,Valencia/Valéncia,2018,103751,172,279.79545454545456,367.30962640099625,409.0160962303978,87.51417185554169
46,Valencia/Valéncia,2019,112579,180,297.01978260869566,398.87820512820514,446.8910898124872,101.85842251950947
46,Valencia/Valéncia,2020,119432,186,300.0,404.49264705882354,460.9050338267801,104.49264705882354
46,Valencia/Valéncia,2021,127483,194,304.2077075971731,420.0,486.5123192896308,115.79229240282689
46,Valencia/Valéncia,2022,133942,195,311.8252427184466,449.6287061994609,516.1040077048275,137.80346348101432
46,Valencia/Valéncia,2023,142915,198,325.0806451612903,474.85428674351584,546.0715460238604,149.77364158222554
46,Valencia/Valéncia,2024,149388,197,350.0,508.24386920980925,590.9759150668059,158.24386920980925
47,Valladolid,2011,14255,28,320.2999021526419,431.25940167511214,424.4224482637671,110.95949952247025
47,Valladolid,2012,14757,28,321.3776041666667,421.20675390322066,415.53432269431454,99.82914973655397
47,Valladolid,2013,15530,29,297.531914893617,404.8333333333333,399.6748873148744,107.30141843971631
47,Valladolid,2014,16803,28,299.5,392.3428308823529,392.67934297446885,92.84283088235293
47,Valladolid,2015,18439,32,291.3645320197044,375.59542586750786,392.04588101307013,84.23089384780343
47,Valladolid,2016,20136,34,305.12241054613935,396.40517241379314,395.26226658720697,91.28276186765379
47,Valladolid,2017,21705,34,309.41684284707543,399.64912280701753,404.0230361667818,90.2322799599421
47,Valladolid,2018,23198,35,304.42857142857144,398.6768345323741,414.9403396844556,94.24826310380263
47,Valladolid,2019,24744,37,310.85714285714283,414.95604395604397,438.1391044293566,104.09890109890114
47,Valladolid,2020,25781,36,343.9583333333333,433.38926174496646,446.49338660253676,89.43092841163315
47,Valladolid,2021,26730,36,340.8125,441.0173985086992,460.8830527497194,100.20489850869922
47,Valladolid,2022,27478,38,339.1733870967742,434.5646514066049,477.3211660237281,95.39126430983072
47,Valladolid,2023,28713,40,348.5,443.08670520231215,487.50266429840144,94.58670520231215
47,Valladolid,2024,29847,39,362.9759396540512,468.84396809571285,514.6899520889872,105.86802844166164
48,Bizkaia,2024,36648,77,560.0,696.0597014925373,743.2672724296006,136.05970149253733
49,Zamora,2011,3018,7,262.5,315.6586889301175,338.8131212723658,53.15868893011748
49,Zamora,2012,2934,6,296.64285714285717,308.7067586206897,338.49965916837084,12.06390147783253
49,Zamora,2013,3018,6,299.09758551307846,321.71296296296293,337.1613651424785,22.615377449884477
49,Zamora,2014,3218,7,301.8820754716981,327.80433632998415,329.8511497824736,25.92226085828605
49,Zamora,2015,3395,7,302.84972170686456,327.2753067779043,324.38438880706923,24.425585071039734
49,Zamora,2016,3621,8,297.28600481669787,322.9755633463576,329.14167357083676,25.689558529659735
49,Zamora,2017,3896,9,301.6133540372671,350.9840166782488,339.2320328542094,49.37066264098172
49,Zamora,2018,4061,10,303.4333821376281,349.9170246780644,339.6436838217188,46.483642540436335
49,Zamora,2019,4434,12,317.6744222955815,362.87285407725324,347.41835814163284,45.19843178167173
49,Zamora,2020,4713,14,271.60483870967744,364.77500243451163,351.13812858052194,93.1701637248342
49,Zamora,2021,4851,13,307.02702702702703,370.3448275862069,362.47639661925376,63.31780055917989
49,Zamora,2022,5033,13,330.0,372.28,369.3699582753825,42.27999999999997
49,Zamora,2023,5362,14,288.7631578947369,398.42537313432837,385.50671391271914,109.66221523959149
49,Zamora,2024,5612,16,287.44,385.84195226438186,394.0666429080542,98.40195226438186
50,Zaragoza,2011,35724,46,293.3777777777778,398.75,440.041400738999,105.3722222222222
50,Zaragoza,2012,36892,47,277.7510366826156,378.4248120300752,431.9767971375908,100.67377534745958
50,Zaragoza,2013,38131,49,274.57575757575756,366.33663366336634,401.05924313550656,91.76087608760878
50,Zaragoza,2014,40278,52,264.90421554252197,377.53616924476796,391.71954913352204,112.631953702246
50,Zaragoza,2015,42611,53,263.1320754716981,362.0,391.3762408767689,98.8679245283019
50,Zaragoza,2016,45695,57,270.0,362.0,391.87252434620854,92.0
50,Zaragoza,2017,48979,56,267.45594262295083,377.0652173913044,391.9544498662692,109.60927476835354
50,Zaragoza,2018,52632,63,266.3888888888889,370.0000516662361,405.1545257637939,103.6111627773472
50,Zaragoza,2019,55823,66,284.45496245835614,390.0,437.60908586066677,105.54503754164386
50,Zaragoza,2020,58514,70,298.25,415.4096385542169,443.01315924394163,117.15963855421688
50,Zaragoza,2021,60736,72,300.0,400.75,461.40875263435197,100.75
50,Zaragoza,2022,62089,74,301.89112903225805,415.7765447443182,484.11179113852694,113.88541571206014
50,Zaragoza,2023,64833,72,316.95755597014926,432.9605263157895,495.38751870189566,116.00297034564022
50,Zaragoza,2024,66802,76,311.9867256637168,445.0473098330241,531.1239783240022,133.06058416930728
51,Ceuta,2011,1129,1,543.7980513728963,543.7980513728963,543.7980513728963,0.0
51,Ceuta,2012,1303,1,564.5249424405218,564.5249424405218,564.5249424405218,0.0
51,Ceuta,2013,1464,1,546.3934426229508,546.3934426229508,546.3934426229508,0.0
51,Ceuta,2014,1621,1,546.407156076496,546.407156076496,546.407156076496,0.0
51,Ceuta,2015,1842,1,551.2475570032574,551.2475570032574,551.2475570032574,0.0
51,Ceuta,2016,1960,1,569.9285714285714,569.9285714285714,569.9285714285714,0.0
51,Ceuta,2017,2063,1,568.5341735336888,568.5341735336888,568.5341735336888,0.0
51,Ceuta,2018,2164,1,582.1996303142329,582.1996303142329,582.1996303142329,0.0
51,Ceuta,2019,2261,1,585.0950906678461,585.0950906678461,585.0950906678461,0.0
51,Ceuta,2020,2305,1,605.5505422993492,605.5505422993492,605.5505422993492,0.0
51,Ceuta,2021,2427,1,624.6868562010712,624.6868562010712,624.6868562010712,0.0
51,Ceuta,2022,2465,1,637.0993914807302,637.0993914807302,637.0993914807302,0.0
51,Ceuta,2023,2560,1,628.37890625,628.37890625,628.37890625,0.0
51,Ceuta,2024,2612,1,649.406584992343,649.406584992343,649.406584992343,0.0
52,Melilla,2011,1318,1,467.9423368740516,467.9423368740516,467.9423368740516,0.0
52,Melilla,2012,1471,1,476.68252889191024,476.68252889191024,476.68252889191024,0.0
52,Melilla,2013,1701,1,478.71840094062316,478.71840094062316,478.71840094062316,0.0
52,Melilla,2014,1869,1,479.63081861958267,479.63081861958267,479.63081861958267,0.0
52,Melilla,2015,2020,1,484.12079207920794,484.12079207920794,484.12079207920794,0.0
52,Melilla,2016,2249,1,484.6616273899511,484.6616273899511,484.6616273899511,0.0
52,Melilla,2017,2365,1,506.94714587737843,506.94714587737843,506.94714587737843,0.0
52,Melilla,2018,2508,1,513.6363636363636,513.6363636363636,513.6363636363636,0.0
52,Melilla,2019,2641,1,531.900795153351,531.900795153351,531.900795153351,0.0
52,Melilla,2020,2793,1,535.7454350161117,535.7454350161117,535.7454350161117,0.0
52,Melilla,2021,2861,1,551.3278573925201,551.3278573925201,551.3278573925201,0.0
52,Melilla,2022,2955,1,573.0504230118444,573.0504230118444,573.0504230118444,0.0
52,Melilla,2023,3007,1,582.0419022281344,582.0419022281344,582.0419022281344,0.0
52,Melilla,2024,3161,1,582.9167984814932,582.9167984814932,582.9167984814932,0.0
