COD_PROVINCIA,province_name,latitude,longitude,annual_mean_c,jan_c,feb_c,mar_c,apr_c,may_c,jun_c,jul_c,aug_c,sep_c,oct_c,nov_c,dec_c,winter_c,spring_c,summer_c,autumn_c,start_year,end_year
01,Araba/Alava,42.84685163200004,-2.681504930102382,11.968857455740098,5.259666666666668,5.957830188679245,8.165666666666668,10.196666666666665,13.442000000000004,16.857666666666667,18.766000000000002,19.273000000000003,16.905666666666665,13.704666666666666,8.65466666666667,6.065666666666667,5.755096011816842,10.60584420289855,18.314554347826085,13.095106227106225,1995,2024
02,Albacete,38.72452034850005,-1.9543626415771804,15.237040518342752,5.807666666666668,7.153148584905662,10.065333333333333,13.107333333333331,17.614,22.938666666666666,26.46566666666667,25.917666666666662,20.793,15.999000000000002,9.702666666666666,6.748,6.551935007385522,13.600862318840578,25.130905797101452,15.503725274725275,1995,2024
03,Alicante/Alacant,38.36507480700004,-0.7481201181065553,16.81470432560687,8.854666666666667,9.754610849056604,12.124333333333333,14.646333333333335,18.454,22.918666666666667,25.765333333333334,25.80233333333333,22.186666666666664,18.247000000000003,12.746,9.823000000000002,9.469032496307236,15.079547101449272,24.849539855072468,17.732274725274724,1995,2024
04,Almeria,37.301773670000074,-2.1845796382006686,16.597272312465773,8.287,9.345978773584903,11.750999999999998,14.458666666666668,18.426000000000005,23.121333333333332,26.211333333333336,26.049000000000003,21.931333333333335,17.75266666666667,12.098333333333331,9.263666666666666,8.954028803545054,14.883119565217392,25.14902536231885,17.266183150183153,1995,2024
05,Avila,40.62552329400006,-4.835890534161348,11.239353896696477,2.3543333333333334,3.409233490566038,6.016333333333333,8.839666666666666,13.111,18.56266666666667,22.07466666666667,21.89466666666666,16.99833333333334,11.938666666666668,5.88,3.2739999999999996,3.0005096011816823,9.327579710144928,20.868797101449267,11.609326007326008,1995,2024
06,Badajoz,38.697065080000044,-6.220354224100653,16.124214272677488,6.838,8.13064858490566,10.818000000000001,13.624333333333334,17.904999999999998,23.46766666666667,27.097333333333335,26.944666666666677,22.363666666666674,17.176333333333332,10.762333333333334,7.842333333333336,7.5877031019202335,14.121119565217391,25.86230434782609,16.771937728937726,1995,2024
07,"Balears, Illes",39.61265576450003,2.8823125712618562,18.5425615988319,12.209333333333333,12.015129716981132,13.367999999999999,15.44666666666667,18.721666666666668,22.90233333333333,26.079666666666657,26.603999999999996,23.929333333333336,20.793666666666667,16.40533333333333,13.605666666666668,12.628057607090097,15.849778985507246,25.220257246376814,20.38069963369964,1995,2024
08,Barcelona,41.760116315500056,2.0307008309731724,12.714013506114252,4.0166666666666675,5.1857429245283,7.922333333333334,10.814666666666668,15.118999999999996,19.899333333333335,22.710666666666665,22.274,17.829333333333334,13.714999999999996,7.769666666666668,4.824000000000001,4.660018463810932,11.290449275362322,21.646789855072466,13.111373626373625,1995,2024
09,Burgos,42.32538152850006,-3.67701500562906,10.351837926628953,2.671,3.6506249999999993,6.183333333333334,8.582,12.145333333333332,16.271666666666672,18.653999999999996,18.898333333333337,15.538666666666666,11.642333333333337,6.1640000000000015,3.3960000000000004,3.226750369276218,8.974442028985504,17.959481884057972,11.12079487179487,1995,2024
10,Caceres,39.758940097500044,-6.137295340568468,15.843450447161901,6.213000000000001,7.639056603773586,10.413000000000002,13.312000000000001,17.612666666666662,23.38133333333334,27.440999999999992,27.267000000000003,22.354000000000003,16.713666666666665,10.145666666666667,7.093333333333334,6.961894387001475,13.784300724637681,26.058565217391298,16.407842490842494,1995,2024
11,Cadiz,36.53225553000004,-5.920571285172713,17.50658970615077,10.336333333333334,11.227158018867923,13.145666666666667,15.251666666666667,18.60966666666667,22.560333333333332,25.622,25.96633333333333,22.499333333333336,18.955000000000002,13.964666666666671,11.524333333333335,11.023282865583456,15.67353623188405,24.739655797101452,18.478296703296696,1995,2024
12,Castellon/Castello,40.25283130850005,-0.06020190301530279,14.038804526373424,5.807666666666666,6.67810141509434,9.306666666666667,11.935,15.984333333333332,20.878,23.797000000000004,23.476666666666667,19.094333333333335,15.101999999999997,9.325333333333333,6.595333333333333,6.350745937961594,12.413815217391306,22.737213768115943,14.513758241758243,1995,2024
13,Ciudad Real,38.96144028050006,-3.885563972559142,15.248784449717101,5.183000000000002,6.714599056603776,9.690333333333333,12.701666666666664,17.514666666666663,23.501333333333335,27.302999999999997,26.83,21.427333333333333,16.010666666666665,9.326999999999996,6.221666666666668,6.019320531757753,13.30875,25.903945652173903,15.592974358974354,1995,2024
14,Cordoba,37.95618422350003,-4.847113605074618,16.96247399160431,7.4079999999999995,8.940801886792451,11.731999999999998,14.583666666666666,18.86666666666667,24.226,28.029999999999998,28.07733333333333,23.18766666666667,18.007333333333335,11.48633333333333,8.478333333333333,8.255572378138849,15.065963768115944,26.805514492753634,17.56535531135531,1995,2024
15,"Coruna, A",43.15384420700005,-8.579850103766056,13.510610512867322,8.601666666666668,8.85566037735849,10.26866666666667,11.726999999999999,14.034000000000004,16.700333333333333,18.832,19.445333333333334,17.862666666666666,14.978999999999997,11.248333333333335,9.274999999999999,8.912444608567204,12.012963768115947,18.343557971014498,14.699769230769231,1995,2024
16,Cuenca,39.93968445450005,-2.1524468968601633,11.954189633144736,2.9296666666666678,4.139103773584906,6.926333333333333,9.813,14.15466666666667,19.49466666666666,22.87066666666667,22.303666666666665,17.329333333333334,12.673000000000002,6.508666666666666,3.790333333333333,3.6039734121122597,10.30327173913043,21.578742753623196,12.175857142857144,1995,2024
17,Girona,42.071968815000076,2.843435312365196,16.23627851797774,9.239666666666666,9.717971698113205,11.740999999999998,13.98966666666667,17.441333333333333,21.59866666666667,24.21733333333333,24.434666666666672,21.06933333333334,17.796333333333333,12.979666666666665,10.186333333333335,9.714556868537667,14.39502536231884,23.436652173913032,17.28743223443224,1995,2024
18,Granada,37.38960480700007,-3.2393785030417845,13.965139624018981,4.688666666666666,5.85811320754717,8.506666666666666,11.383333333333333,15.988666666666665,21.732333333333333,25.585666666666672,25.025999999999996,19.572333333333336,14.668666666666667,8.295333333333334,5.726333333333333,5.411237075332349,11.965818840579711,24.140561594202907,14.184161172161174,1995,2024
19,Guadalajara,40.74142346900004,-2.5050392600436364,12.501276692827165,3.0706666666666655,4.49816037735849,7.479333333333334,10.466,14.845999999999997,20.267333333333333,23.681333333333328,23.159999999999997,18.108333333333338,13.191666666666665,6.789666666666666,3.932666666666666,3.813714918759231,10.935492753623189,22.392405797101446,12.701996336996338,1995,2024
20,Gipuzkoa,43.143589420500064,-2.205139585800379,11.968857455740098,5.259666666666668,5.957830188679245,8.165666666666668,10.196666666666665,13.442000000000004,16.857666666666667,18.766000000000002,19.273000000000003,16.905666666666665,13.704666666666666,8.65466666666667,6.065666666666667,5.755096011816842,10.60584420289855,18.314554347826085,13.095106227106225,1995,2024
21,Huelva,37.50755725950003,-6.924822497255386,18.036039423252408,9.428999999999998,10.625448113207549,13.065666666666667,15.75,19.807999999999996,24.71666666666666,27.953666666666667,27.846999999999998,23.75466666666666,19.23933333333333,13.338999999999999,10.425333333333333,10.145830871491883,16.212865942028994,26.862181159420288,18.78273992673993,1995,2024
22,Huesca,42.13716720950006,-0.028957152118629204,14.20425807629129,4.850666666666666,6.248832547169813,9.369,12.406666666666666,16.791000000000004,21.857999999999997,24.820666666666664,24.471000000000007,19.690000000000005,15.09533333333333,8.747666666666667,5.5906666666666665,5.5426329394387,12.860434782608694,23.73675724637681,14.517421245421252,1995,2024
23,Jaen,37.95618422350003,-3.4932971309301637,16.57086329622195,6.772999999999999,8.26494103773585,11.144333333333336,14.068,18.647333333333332,24.361666666666668,28.185,27.916333333333327,22.70966666666667,17.568333333333335,10.794333333333332,7.867333333333332,7.61601920236337,14.625887681159423,26.84773188405797,17.030091575091564,1995,2024
24,Leon,42.62991046950003,-5.971001316208753,10.289727139989054,2.613666666666667,3.4405778301886794,5.777333333333335,8.247000000000002,11.874333333333334,16.438333333333336,19.337,19.349,15.56533333333333,11.210666666666663,5.881333333333333,3.298666666666666,3.107858197932053,8.637083333333326,18.39582608695652,10.889347985347985,1995,2024
25,Lleida,42.06625917800005,1.1781995144377118,12.512047818945055,3.450999999999999,4.749799528301887,7.6653333333333356,10.676999999999998,15.070333333333338,20.016000000000002,22.850333333333335,22.39166666666667,17.75466666666667,13.426333333333334,7.262333333333332,4.328,4.158899556868536,11.142561594202897,21.77154347826087,12.821168498168499,1995,2024
26,"Rioja, La",42.28327214700005,-2.4828031135403053,11.949119364847602,4.219666666666666,5.174327830188678,7.770000000000001,10.178666666666668,13.86866666666667,17.950333333333333,20.198,20.472333333333335,17.081666666666667,13.359333333333336,7.656666666666669,5.025999999999998,4.795531757754801,10.610420289855071,19.5575036231884,12.706476190476183,1995,2024
27,Lugo,43.04075275650007,-7.447991749594156,12.297275050191647,5.847333333333332,6.419799528301888,8.38,10.322999999999999,13.270333333333337,17.011666666666667,19.723333333333333,20.014333333333337,17.41433333333333,13.563333333333333,8.761333333333333,6.459666666666667,6.236890694239291,10.661416666666664,18.937148550724636,13.249816849816852,1995,2024
28,Madrid,40.52170160700007,-3.7676423784264705,13.517479467056047,3.722666666666667,5.154752358490566,8.112333333333334,11.189000000000002,15.738333333333333,21.525333333333332,25.243000000000002,24.843666666666664,19.653333333333336,14.203000000000003,7.6963333333333335,4.5840000000000005,4.466923929098965,11.68522463768116,23.89615942028985,13.854758241758244,1995,2024
29,Malaga,36.79629998300004,-4.5467261235657,16.516986676400798,8.414333333333332,9.479646226415095,11.673333333333334,14.055666666666667,17.943333333333335,22.78033333333333,26.18133333333333,26.161333333333335,21.86733333333333,17.619666666666667,12.044666666666666,9.513333333333335,9.125358197932051,14.562898550724634,25.06557246376811,17.182084249084255,1995,2024
30,Murcia,38.06419952400006,-1.6719232640515669,14.944217922978648,5.999666666666667,7.180011792452831,9.815666666666669,12.744999999999997,17.1,22.267333333333337,25.68433333333334,25.19333333333333,20.337999999999997,15.78166666666667,9.758,6.955000000000001,6.697374446085674,13.225387681159424,24.404648550724637,15.2979304029304,1995,2024
31,Navarra,42.612760035000036,-1.8300424101099357,12.58873243292572,4.575000000000001,5.641332547169811,8.396666666666668,10.938666666666665,14.712666666666669,18.802333333333333,21.025999999999996,21.238,17.785,13.980666666666668,8.236666666666668,5.293666666666667,5.155727474150664,11.353797101449278,20.37232608695652,13.341216117216113,1995,2024
32,Ourense,42.19269801600004,-7.536621236336593,11.8485371418142,4.357666666666667,5.2118396226415085,7.437333333333335,9.725333333333333,13.006333333333334,17.412000000000003,20.801333333333336,20.99966666666667,17.48,12.809666666666667,7.495999999999999,5.012333333333333,4.849977843426881,10.059931159420293,19.762945652173908,12.597578754578754,1995,2024
33,Asturias,43.27191501000004,-5.8519699980639555,14.126148932286908,9.088333333333333,9.312959905660378,10.781333333333333,12.099333333333332,14.592333333333329,17.482666666666663,19.369333333333334,20.093333333333334,18.519666666666662,16.12666666666667,11.882,9.853666666666667,9.42151033973412,12.495257246376807,18.998072463768118,15.51622710622711,1995,2024
34,Palencia,42.40816813050006,-4.61893106073844,10.490542069720753,2.627333333333334,3.7344693396226427,6.334666666666667,8.794333333333334,12.378999999999998,16.608999999999998,19.08,19.184,15.678666666666667,11.612666666666666,6.1293333333333315,3.296666666666667,3.203895864106352,9.173409420289854,18.30928260869565,11.14541391941392,1995,2024
35,"Palmas, Las",27.956567100000058,-15.60531161349521,20.261722029567427,17.971000000000004,17.678443396226417,18.036333333333335,18.656999999999996,19.624666666666666,20.942999999999998,21.788666666666664,22.675666666666668,22.976999999999997,22.565666666666665,20.85333333333333,19.219,18.307983751846383,18.773923913043483,21.811786231884053,22.136765567765575,1995,2024
36,Pontevedra,42.36343819450008,-8.533924750728751,14.184243475086692,8.986,9.325955188679247,10.880333333333335,12.42666666666667,14.76033333333333,17.616000000000003,20.023000000000003,20.447333333333336,18.570333333333338,15.53133333333333,11.659999999999997,9.669333333333332,9.32713072378139,12.691963768115942,19.38109057971014,15.25693772893773,1995,2024
37,Salamanca,40.763790924000034,-6.022417740995879,12.70550009125752,4.118,5.218856132075471,7.754333333333335,10.344333333333331,14.25,19.36733333333333,22.94033333333333,22.968333333333334,18.633333333333333,13.694333333333331,7.725333333333333,4.9606666666666674,4.752123338257017,10.787655797101454,21.784659420289856,13.354772893772896,1995,2024
38,Santa Cruz de Tenerife,28.295099332000035,-16.620662869507697,20.24143639350247,17.99866666666666,17.621497641509432,17.845000000000002,18.430666666666664,19.453,20.894666666666666,21.944000000000006,22.850666666666665,23.083000000000006,22.526,20.81833333333334,19.273666666666667,18.318426883308717,18.577804347826085,21.907333333333334,22.146659340659333,1995,2024
39,Cantabria,43.13570550750006,-4.264261444415774,9.147036868041614,2.329,3.0128301886792443,5.222666666666669,7.379333333333333,10.621,14.374666666666672,16.36066666666667,16.67066666666667,13.962666666666665,10.621333333333334,5.612,3.209666666666667,2.845583456425406,7.744931159420292,15.817514492753615,10.071443223443223,1995,2024
40,Segovia,41.108833974500044,-4.183805510118308,11.633698667640079,2.820333333333334,3.9414268867924527,6.6610000000000005,9.425333333333333,13.529999999999996,18.702999999999996,21.944,22.005000000000006,17.422,12.504000000000001,6.449333333333334,3.6969999999999996,3.4724704579025114,9.876967391304353,20.907706521739133,12.129274725274728,1995,2024
41,Sevilla,37.52041492950005,-5.653307476865858,18.252244935207163,8.961333333333334,10.388738207547172,13.02,15.819333333333335,20.048000000000002,25.284999999999997,28.995333333333335,29.032,24.365666666666666,19.43133333333333,13.102666666666668,10.063666666666668,9.786890694239295,16.30095652173912,27.797797101449262,18.971663003662997,1995,2024
42,Soria,41.601411720000044,-2.72147948535578,10.956325971892687,2.266,3.437900943396226,6.204999999999998,9.039333333333333,13.125666666666667,18.041333333333334,21.099333333333334,20.868000000000002,16.303,11.769000000000002,5.770666666666667,3.0596666666666663,2.9055428360413584,9.461202898550725,20.024210144927544,11.286252747252743,1995,2024
43,Tarragona,41.05338650550007,0.6270863050618757,15.983590071180874,7.704999999999998,8.728962264150944,11.369666666666665,14.000333333333334,17.886333333333333,22.471333333333334,25.196999999999996,25.20633333333333,21.33766666666667,17.374000000000002,11.618333333333336,8.445666666666668,8.280014771048746,14.423326086956513,24.311340579710137,16.783230769230766,1995,2024
44,Teruel,40.59881203300006,-0.9214764144525668,11.16584960759262,2.591333333333333,3.470129716981132,6.183,9.000000000000002,13.269666666666668,18.464333333333336,21.702333333333325,21.124333333333325,16.249999999999996,11.969666666666665,6.027333333333334,3.4233333333333333,3.152256277695717,9.489485507246377,20.451702898550725,11.421754578754584,1995,2024
45,Toledo,39.788307378500065,-4.102631052231721,15.146844314655953,5.015000000000001,6.6175000000000015,9.678999999999997,12.864333333333333,17.572000000000003,23.467999999999993,27.151666666666664,26.673666666666662,21.350666666666665,15.750999999999998,9.158666666666669,5.910333333333333,5.824298375184637,13.37729347826087,25.789405797101452,15.423747252747248,1995,2024
46,Valencia/Valencia,39.33404678750006,-0.8019770714363135,16.595639715276498,8.260000000000002,9.285058962264152,11.815333333333331,14.495666666666667,18.467999999999996,23.184333333333335,26.20233333333333,26.015666666666675,21.916333333333334,17.83366666666667,12.08633333333333,9.11133333333333,8.873364106351554,14.931014492753627,25.155304347826096,17.28487545787546,1995,2024
47,Valladolid,41.70412361100006,-4.697091012250786,12.569833911297678,3.8463333333333325,5.131096698113209,7.906999999999999,10.661,14.734333333333332,19.60333333333334,22.435333333333332,22.371,18.124,13.438999999999998,7.542666666666666,4.569333333333334,4.496949778434269,11.105557971014491,21.49017753623189,13.039659340659343,1995,2024
48,Bizkaia,43.23917273750004,-2.8511295597341766,11.87137342580762,5.273333333333333,5.990200471698114,8.148333333333335,10.120666666666667,13.279333333333334,16.676666666666666,18.546000000000006,19.044999999999998,16.73933333333333,13.609666666666664,8.586666666666666,6.072333333333334,5.772215657311669,10.520409420289855,18.104576086956524,12.985490842490842,1995,2024
49,Zamora,41.686580826500034,-5.9425946080037,12.553784449717101,3.993333333333333,5.154622641509435,7.736,10.362333333333336,14.273666666666667,19.25466666666667,22.618999999999993,22.595333333333333,18.328999999999997,13.498666666666667,7.640666666666668,4.709,4.602765878877402,10.795322463768118,21.513960144927537,13.159875457875458,1995,2024
50,Zaragoza,41.84402038850007,-1.170849419808773,14.03810275597736,5.228333333333333,6.466674528301885,9.508000000000003,12.359333333333328,16.48966666666667,21.131999999999998,23.778000000000002,23.698999999999998,19.417333333333335,15.081666666666665,8.99,5.824999999999999,5.821026587887739,12.790300724637682,22.8885543478261,14.502765567765563,1995,2024
51,Ceuta,35.894265302000065,-5.3471902688858375,18.241379813834655,13.765,13.89353773584906,14.843,16.16766666666667,18.319,20.968,23.188333333333333,23.880333333333336,22.072,19.90566666666666,16.733999999999998,14.872666666666667,14.185653618906937,16.44621739130435,22.697485507246373,19.5742380952381,1995,2024
52,Melilla,35.29265108100003,-2.951647995916824,18.878933199488966,14.55,14.553702830188682,15.358000000000002,16.589666666666666,18.659000000000002,21.284999999999997,23.685333333333332,24.692,22.998333333333335,20.752999999999997,17.594,15.543000000000001,14.892182422451999,16.871923913043478,23.241818840579704,20.45179120879121,1995,2024
