rank_tech,COD_PROVINCIA,province_name,ccaa,recommendation,tech_destination_index,index_class,rent_eur_month,mobility_score,mobility_label,transport_nodes,weighted_transport_nodes,high_speed_nodes,long_distance_nodes,medium_distance_nodes,av_ld_md_nodes,cercanias_nodes,feve_nodes,airport_nodes,nodes_per_100k,nearest_strategic_km,nearest_strategic_label,strategic_access_score,node_mass_score,node_density_score,rental_homes,rental_homes_per_1000_households,municipalities,coverage_1gbps_2024_pct,annual_mean_c,precipitation_annual_mm,temperature_comfort_score,rain_comfort_score,climate_comfort_score,rent_score_low_price,availability_score,connectivity_score,climate_score,rent_contribution,mobility_contribution,connectivity_contribution,climate_contribution,population,households,label_lat,label_lon,area_km2,year
1,13,Ciudad Real,CASTILLA-LA MANCHA,Destino muy competitivo,86.34,Quintil 5 - mejor equilibrio,393.45,64.73,64.7 / 100,23,46.0,2,6,15,23,0,0,0,9.37,2.71,3 km,97.29,50.29,16.74,14877,76.74,39,96.16,15.25,394.53,77.7,90.27,81.47,94.48,15.96,96.16,81.47,38.9,15.23,22.63,9.58,491127,193853,38.964396537696835,-3.8978493366447595,19811.3,2024
2,06,Badajoz,EXTREMADURA,Destino muy competitivo,83.51,Quintil 5 - mejor equilibrio,426.13,60.95,61.0 / 100,28,57.0,0,3,24,27,0,0,1,8.57,13.78,14 km,86.22,54.58,15.24,18668,70.19,63,95.14,16.12,463.06,88.85,98.31,91.69,87.42,11.45,95.14,91.69,36.0,14.34,22.39,10.79,665089,265977,38.77335530909135,-6.109965896573106,21765.7,2024
3,33,Asturias,ASTURIAS (PRINCIPADO DE),Destino muy competitivo,83.4,Quintil 5 - mejor equilibrio,467.41,99.21,99.2 / 100,421,536.0,4,5,104,113,143,164,1,53.32,1.75,2 km,98.25,100.0,100.0,60454,135.44,60,88.17,14.13,904.18,63.4,49.93,59.36,78.51,56.38,88.17,59.36,32.33,23.34,20.75,6.98,1005283,446365,43.33389761312147,-5.975911164897366,10603.9,2024
4,23,Jaén,ANDALUCÍA,Destino muy competitivo,83.06,Quintil 5 - mejor equilibrio,412.71,54.82,54.8 / 100,12,24.0,0,4,8,12,0,0,0,3.87,10.09,10 km,89.91,37.4,6.33,13189,53.6,50,93.01,16.57,422.98,94.54,93.6,94.26,90.32,0.02,93.01,94.26,37.19,12.9,21.88,11.09,620242,246069,37.994563999957876,-3.399511872014579,13496.7,2024
5,27,Lugo,GALICIA,Destino muy competitivo,81.73,Quintil 5 - mejor equilibrio,367.87,74.97,75.0 / 100,69,113.0,0,4,40,44,0,25,0,34.88,15.49,15 km,84.51,68.37,65.08,14415,104.86,50,77.05,12.3,971.9,40.12,41.98,40.68,100.0,35.32,77.05,40.68,41.18,17.64,18.13,4.79,323956,137472,43.04836166142623,-7.366703154768967,9858.9,2024
6,10,Cáceres,EXTREMADURA,Destino muy competitivo,81.08,Quintil 5 - mejor equilibrio,418.74,57.87,57.9 / 100,14,28.0,0,4,10,14,0,0,0,7.23,8.49,8 km,91.51,40.43,12.69,12543,74.63,46,88.3,15.84,602.25,85.27,85.36,85.3,89.02,14.51,88.3,85.3,36.66,13.62,20.78,10.04,387434,168065,39.714078926357644,-6.35672179652466,19865.8,2024
7,49,Zamora,CASTILLA Y LEÓN,Destino muy competitivo,80.64,Quintil 5 - mejor equilibrio,394.07,57.1,57.1 / 100,13,26.0,2,2,9,13,0,0,0,15.63,16.14,16 km,83.86,38.97,28.61,5612,73.83,16,91.6,12.55,549.62,43.38,91.54,57.83,94.35,13.95,91.6,57.83,38.85,13.44,21.55,6.8,166366,76014,41.726520948280964,-5.786690263024879,10557.9,2024
8,24,León,CASTILLA Y LEÓN,Destino muy competitivo,80.12,Quintil 5 - mejor equilibrio,435.63,84.69,84.7 / 100,139,194.0,1,9,43,53,42,43,1,43.36,9.55,10 km,90.45,79.33,81.13,22248,112.09,54,88.53,10.29,603.39,14.55,85.23,35.75,85.37,40.31,88.53,35.75,35.15,19.93,20.83,4.21,447463,198480,42.54957146580582,-5.855291983207049,15577.8,2024
9,21,Huelva,ANDALUCÍA,Destino muy competitivo,79.72,Quintil 5 - mejor equilibrio,463.88,61.72,61.7 / 100,18,36.0,0,2,16,18,0,0,0,6.78,3.42,3 km,96.58,45.4,11.85,10734,53.57,44,93.27,18.04,459.81,86.81,97.93,90.14,79.27,0.0,93.27,90.14,32.64,14.52,21.95,10.61,530824,200378,37.45435669177554,-6.910400949859003,10126.5,2024
10,12,Castellón/Castelló,COMUNITAT VALENCIANA,Destino muy competitivo,79.72,Quintil 5 - mejor equilibrio,444.43,62.54,62.5 / 100,45,70.0,1,5,17,23,21,0,1,11.59,16.0,16 km,84.0,58.71,20.96,33810,142.06,63,94.21,14.04,430.24,62.29,94.46,71.94,83.47,60.95,94.21,71.94,34.37,14.72,22.17,8.46,603952,237998,40.263293552047934,-0.10196124458588086,6634.0,2024
11,34,Palencia,CASTILLA Y LEÓN,Buen equilibrio general,79.64,Quintil 5 - mejor equilibrio,432.24,74.18,74.2 / 100,43,76.0,1,2,30,33,2,8,0,48.18,22.22,22 km,77.78,60.36,90.26,6865,100.45,23,94.62,10.49,591.64,17.11,86.6,37.96,86.11,32.29,94.62,37.96,35.46,17.45,22.26,4.47,157752,68345,42.35825399762158,-4.638904699458658,8051.6,2024
12,14,Córdoba,ANDALUCÍA,Buen equilibrio general,78.24,Quintil 4 - equilibrio alto,483.22,56.93,56.9 / 100,13,27.0,3,1,8,12,0,0,1,3.49,6.88,7 km,93.12,39.71,5.61,19610,65.58,48,94.52,16.96,488.42,99.52,98.72,99.28,75.1,8.27,94.52,99.28,30.92,13.4,22.24,11.68,773997,299020,37.94355740718501,-4.82386349327579,13773.1,2024
13,43,Tarragona,CATALUÑA,Buen equilibrio general,77.47,Quintil 4 - equilibrio alto,523.17,74.06,74.1 / 100,103,156.0,7,4,40,51,51,0,1,18.41,8.73,9 km,91.27,74.9,33.87,50807,157.48,105,93.95,15.98,446.01,87.06,96.31,89.83,66.47,71.57,93.95,89.83,27.37,17.43,22.1,10.57,847566,322622,41.02851176499291,0.6667256849909378,6302.5,2024
14,44,Teruel,ARAGÓN,Buen equilibrio general,76.85,Quintil 4 - equilibrio alto,406.39,62.03,62.0 / 100,19,38.0,0,0,19,19,0,0,0,28.1,21.52,22 km,78.48,46.48,52.23,5638,103.23,30,81.6,11.17,395.08,25.71,90.33,45.09,91.69,34.21,81.6,45.09,37.75,14.6,19.2,5.31,135237,54614,40.5666862258921,-1.0351186816982716,14808.7,2024
15,30,Murcia,MURCIA (REGIÓN DE),Buen equilibrio general,76.56,Quintil 4 - equilibrio alto,460.06,54.92,54.9 / 100,60,78.0,2,10,4,16,28,15,1,5.02,29.1,29 km,70.9,60.88,8.52,59178,109.62,40,92.95,14.94,277.82,73.82,76.57,74.65,80.1,38.6,92.95,74.65,32.98,12.92,21.87,8.78,1552457,539860,38.03184843929366,-1.6486465095919138,11316.1,2024
16,32,Ourense,GALICIA,Buen equilibrio general,75.48,Quintil 4 - equilibrio alto,386.38,56.44,56.4 / 100,23,45.0,3,4,15,22,1,0,0,14.78,25.34,25 km,74.66,49.85,26.99,14972,112.1,43,78.15,11.85,980.44,34.4,40.98,36.37,96.01,40.31,78.15,36.37,39.53,13.28,18.39,4.28,304550,133564,42.24518072543013,-7.480131077030379,7274.0,2024
17,02,Albacete,CASTILLA-LA MANCHA,Buen equilibrio general,75.37,Quintil 4 - equilibrio alto,474.12,51.47,51.5 / 100,12,25.0,1,3,7,11,0,0,1,6.46,20.33,20 km,79.67,38.2,11.23,14821,98.21,36,94.87,15.24,305.49,77.55,79.82,78.23,77.06,30.75,94.87,78.23,31.73,12.11,22.32,9.2,387174,150906,38.772774658671295,-1.7977273847698736,14924.0,2024
18,45,Toledo,CASTILLA-LA MANCHA,Buen equilibrio general,75.16,Quintil 4 - equilibrio alto,490.07,54.38,54.4 / 100,14,28.0,1,3,10,14,0,0,0,3.84,13.38,13 km,86.62,40.43,6.28,31226,115.94,137,95.95,15.15,393.34,76.4,90.13,80.52,73.62,42.96,95.95,80.52,30.31,12.8,22.58,9.47,728496,269319,39.79023488425918,-4.137976675570367,15365.6,2024
19,03,Alicante,COMUNITAT VALENCIANA,Buen equilibrio general,74.62,Quintil 4 - equilibrio alto,528.2,63.88,63.9 / 100,45,77.0,5,6,19,30,14,0,1,3.95,8.07,8 km,91.93,60.62,6.48,89563,118.94,107,92.44,16.81,319.24,97.64,81.43,92.78,65.39,45.02,92.44,92.78,26.92,15.03,21.75,10.91,1950357,753038,38.34487490456367,-0.6973244237728201,5819.6,2024
20,15,"Coruña, A",GALICIA,Buen equilibrio general,74.39,Quintil 4 - equilibrio alto,461.95,70.9,70.9 / 100,112,176.0,3,2,55,60,24,26,2,15.67,15.35,15 km,84.65,77.35,28.68,72627,160.91,89,85.78,13.51,1298.09,55.57,3.71,40.01,79.69,73.93,85.78,40.01,32.81,16.68,20.18,4.71,1123426,451351,43.11935874280309,-8.598483675830636,7947.0,2024
21,50,Zaragoza,ARAGÓN,Buen equilibrio general,74.38,Quintil 4 - equilibrio alto,531.12,72.65,72.7 / 100,59,113.0,2,2,48,52,6,0,1,11.56,1.01,1 km,98.99,68.37,20.9,66802,169.21,76,93.77,14.04,454.08,62.28,97.25,72.77,64.76,79.65,93.77,72.77,26.66,17.09,22.06,8.56,977413,394782,41.81411096629304,-1.1989305380422057,17276.7,2024
22,22,Huesca,ARAGÓN,Buen equilibrio general,73.82,Quintil 3 - equilibrio medio,456.5,55.65,55.6 / 100,19,39.0,2,0,16,18,0,0,1,17.17,26.89,27 km,73.11,46.99,31.54,13351,147.98,58,79.2,14.2,466.55,64.4,98.72,74.69,80.87,65.02,79.2,74.69,33.3,13.09,18.64,8.79,227077,90221,42.169970738434614,-0.016303779063651064,15633.2,2024
23,05,Ávila,CASTILLA Y LEÓN,Buen equilibrio general,73.75,Quintil 3 - equilibrio medio,426.15,52.37,52.4 / 100,10,20.0,0,0,10,10,0,0,0,12.63,20.13,20 km,79.87,33.84,22.92,7522,107.89,33,84.9,11.24,412.27,26.64,92.35,46.35,87.42,37.41,84.9,46.35,36.0,12.32,19.98,5.45,158407,69720,40.64068122908034,-4.9794398612244635,8051.9,2024
24,04,Almería,ANDALUCÍA,Buen equilibrio general,73.29,Quintil 3 - equilibrio medio,462.43,36.1,36.1 / 100,8,17.0,0,2,5,7,0,0,1,2.25,45.11,45 km,54.89,30.7,3.27,24292,88.44,43,92.0,16.6,244.98,94.87,72.72,88.22,79.59,24.02,92.0,88.22,32.77,8.49,21.65,10.38,753920,274663,37.3239312809527,-2.1573205738666066,8779.3,2024
25,47,Valladolid,CASTILLA Y LEÓN,Buen equilibrio general,73.17,Quintil 3 - equilibrio medio,514.69,65.0,65.0 / 100,26,53.0,2,9,14,25,0,0,1,10.17,5.0,5 km,95.0,53.12,18.27,29847,138.15,39,97.05,12.57,428.09,43.59,94.2,58.77,68.31,58.25,97.05,58.77,28.13,15.29,22.84,6.91,521071,216054,41.71420090355392,-4.910766776641428,8109.4,2024
26,25,Lleida,CATALUÑA,Revisar trade-offs,72.55,Quintil 3 - equilibrio medio,463.87,47.91,47.9 / 100,49,68.0,1,1,15,17,31,0,1,15.22,51.1,51 km,48.9,58.12,27.83,25913,152.66,106,92.43,12.51,519.42,42.85,95.08,58.52,79.28,68.24,92.43,58.52,32.64,11.27,21.75,6.88,446793,169747,42.131913711447915,1.209430069653326,12169.1,2024
27,26,"Rioja, La",RIOJA (LA),Revisar trade-offs,72.06,Quintil 3 - equilibrio medio,481.28,52.23,52.2 / 100,13,27.0,0,5,7,12,0,0,1,8.37,21.42,21 km,78.58,39.71,14.86,16451,124.41,34,96.97,11.95,624.32,35.68,82.77,49.81,75.52,48.79,96.97,49.81,31.1,12.29,22.82,5.86,322490,132227,42.279328685212874,-2.5454538574297794,5046.8,2024
28,16,Cuenca,CASTILLA-LA MANCHA,Revisar trade-offs,71.88,Quintil 3 - equilibrio medio,447.59,41.54,41.5 / 100,2,4.0,1,1,0,2,0,0,0,2.03,12.49,12 km,87.51,4.55,2.85,5754,71.14,38,92.89,11.95,400.35,35.75,90.95,52.31,82.79,12.1,92.89,52.31,34.09,9.77,21.86,6.15,197139,80882,39.93877981267216,-2.2219038851736497,17140.4,2024
29,36,Pontevedra,GALICIA,Revisar trade-offs,71.42,Quintil 3 - equilibrio medio,486.59,65.94,65.9 / 100,33,67.0,3,3,26,32,0,0,1,7.1,3.97,4 km,96.03,57.82,12.44,48088,132.82,59,85.0,14.18,1329.66,64.14,0.0,44.9,74.37,54.58,85.0,44.9,30.62,15.52,20.0,5.28,944245,362056,42.364215486433736,-8.574421814045706,4492.9,2024
30,39,Cantabria,CANTABRIA,Revisar trade-offs,71.24,Quintil 3 - equilibrio medio,539.1,86.74,86.7 / 100,178,224.0,0,3,41,44,77,56,1,38.07,2.82,3 km,97.18,82.25,71.11,29444,123.82,69,96.64,9.15,812.93,0.0,60.64,18.19,63.04,48.38,96.64,18.19,25.96,20.41,22.74,2.14,588419,237799,43.1033613560993,-4.055382373315356,5323.5,2024
31,09,Burgos,CASTILLA Y LEÓN,Revisar trade-offs,71.05,Quintil 3 - equilibrio medio,503.12,69.7,69.7 / 100,42,68.0,1,2,21,24,2,15,1,19.04,5.89,6 km,94.11,58.12,35.07,16584,108.98,35,90.45,10.35,616.88,15.34,83.64,35.83,70.8,38.17,90.45,35.83,29.15,16.4,21.28,4.22,357180,152169,42.317686976941665,-3.66861749715691,14291.0,2024
32,18,Granada,ANDALUCÍA,Revisar trade-offs,70.79,Quintil 2 - equilibrio medio-bajo,510.04,53.36,53.4 / 100,11,23.0,2,3,5,10,0,0,1,2.47,11.51,12 km,88.49,36.57,3.69,39702,107.95,81,92.41,13.97,326.03,61.35,82.23,67.62,69.31,37.46,92.41,67.62,28.54,12.56,21.74,7.95,930181,367765,37.327959924114744,-3.431558843905868,12648.2,2024
33,17,Girona,CATALUÑA,Revisar trade-offs,70.73,Quintil 2 - equilibrio medio-bajo,574.2,64.95,65.0 / 100,59,86.0,2,2,21,25,33,0,1,10.63,13.07,13 km,86.93,62.85,19.13,56089,187.72,177,94.8,16.24,635.84,90.27,81.42,87.62,55.46,92.39,94.8,87.62,22.84,15.28,22.31,10.31,809266,298791,42.108200466534264,2.7611839120708113,5911.2,2024
34,40,Segovia,CASTILLA Y LEÓN,Revisar trade-offs,69.17,Quintil 2 - equilibrio medio-bajo,496.38,52.34,52.3 / 100,11,21.0,1,1,8,10,1,0,0,13.53,21.69,22 km,78.31,34.79,24.62,8456,133.48,42,89.42,11.63,496.68,31.67,97.75,51.49,72.26,55.04,89.42,51.49,29.75,12.32,21.04,6.06,155258,63348,41.12479177074759,-4.052209788210108,6925.1,2024
35,37,Salamanca,CASTILLA Y LEÓN,Revisar trade-offs,69.08,Quintil 2 - equilibrio medio-bajo,483.82,49.28,49.3 / 100,15,31.0,0,2,12,14,0,0,1,9.48,31.03,31 km,68.97,42.44,16.95,19023,133.02,34,84.08,12.71,581.87,45.31,87.75,58.04,74.97,54.72,84.08,58.04,30.87,11.6,19.78,6.83,327170,143005,40.811023629999404,-5.965368675745766,12351.3,2024
36,42,Soria,CASTILLA Y LEÓN,Revisar trade-offs,69.01,Quintil 2 - equilibrio medio-bajo,493.05,60.17,60.2 / 100,8,16.0,0,0,8,8,0,0,0,17.88,3.86,4 km,96.14,29.53,32.87,4305,113.38,15,82.57,10.96,464.7,23.04,98.5,45.68,72.98,41.2,82.57,45.68,30.05,14.16,19.43,5.37,89482,37969,41.57446674954193,-2.6009897431217834,10304.3,2024
37,46,Valencia/Valéncia,COMUNITAT VALENCIANA,Revisar trade-offs,68.87,Quintil 2 - equilibrio medio-bajo,590.98,58.3,58.3 / 100,83,120.0,3,3,29,35,47,0,1,4.52,27.93,28 km,72.07,69.59,7.56,149388,145.06,197,97.09,16.6,387.28,94.85,89.41,93.22,51.84,63.01,97.09,93.22,21.34,13.72,22.84,10.97,2656291,1029839,39.34212139137375,-0.7464753127839965,10810.5,2024
38,11,Cádiz,ANDALUCÍA,Revisar trade-offs,68.36,Quintil 2 - equilibrio medio-bajo,580.42,56.71,56.7 / 100,51,76.0,0,6,15,21,28,0,2,6.08,25.6,26 km,74.4,60.36,10.52,35437,75.77,37,92.67,17.51,550.31,93.55,91.45,92.92,54.12,15.29,92.67,92.92,22.28,13.34,21.8,10.93,1250539,467661,36.464487746370104,-5.915284391484333,7439.9,2024
39,41,Sevilla,ANDALUCÍA,Revisar trade-offs,67.8,Quintil 2 - equilibrio medio-bajo,606.23,61.87,61.9 / 100,47,73.0,1,1,22,24,22,0,1,3.73,11.51,12 km,88.49,59.55,6.07,62498,86.42,89,97.27,18.25,498.05,84.05,97.59,88.11,48.54,22.62,97.27,88.11,19.99,14.56,22.89,10.37,1957210,723197,37.511316671148265,-5.832614061976623,14037.0,2024
40,52,Melilla,CIUDAD AUTÓNOMA DE MELILLA,Revisar trade-offs,65.41,Quintil 2 - equilibrio medio-bajo,582.92,45.44,45.4 / 100,1,3.0,0,0,0,0,0,0,1,3.51,1.52,2 km,98.48,0.0,5.65,3161,126.4,1,98.08,18.88,425.82,76.07,93.94,81.43,53.58,50.16,98.08,81.43,22.06,10.69,23.08,9.58,85491,25008,35.29314901881256,-2.9515160587644482,13.5,2024
41,31,Navarra,NAVARRA (COMUNIDAD FORAL),Revisar trade-offs,63.71,Quintil 2 - equilibrio medio-bajo,595.36,60.36,60.4 / 100,22,43.0,0,5,14,19,2,0,1,6.4,8.88,9 km,91.12,48.94,11.13,24534,99.33,82,94.1,12.59,652.86,43.83,79.42,54.5,50.89,31.52,94.1,54.5,20.95,14.2,22.14,6.41,671746,246994,42.59272863731215,-1.7295697811784854,10390.7,2024
42,38,Santa Cruz de Tenerife,CANARIAS,Revisar trade-offs,63.11,Quintil 1 - equilibrio bajo,559.84,44.94,44.9 / 100,5,15.0,0,0,0,0,0,0,5,1.41,22.88,23 km,77.12,28.29,1.68,55876,140.92,53,89.22,20.24,250.92,58.72,73.41,63.13,58.56,60.16,89.22,63.13,24.11,10.57,20.99,7.43,1061790,396501,28.2523651334685,-16.588496144005177,3380.1,2024
43,35,"Palmas, Las",CANARIAS,Revisar trade-offs,62.53,Quintil 1 - equilibrio bajo,555.53,38.84,38.8 / 100,2,6.0,0,0,0,0,0,0,2,0.53,22.56,23 km,77.44,11.42,0.0,63030,150.03,32,92.84,20.26,164.38,58.47,63.26,59.9,59.49,66.44,92.84,59.9,24.5,9.14,21.84,7.05,1140258,420114,27.96421696570061,-15.606996139084105,4068.3,2024
44,29,Málaga,ANDALUCÍA,Revisar trade-offs,61.8,Quintil 1 - equilibrio bajo,687.45,66.65,66.7 / 100,43,73.0,3,3,22,28,14,0,1,4.17,1.28,1 km,98.72,59.55,6.9,72989,110.64,66,94.09,16.52,466.15,93.85,98.67,95.3,31.01,39.31,94.09,95.3,12.77,15.68,22.14,11.21,1751600,659692,36.83130101846306,-4.696871791674724,7311.5,2024
45,19,Guadalajara,CASTILLA-LA MANCHA,Revisar trade-offs,61.46,Quintil 1 - equilibrio bajo,575.67,47.54,47.5 / 100,14,26.0,1,1,10,12,2,0,0,9.47,32.2,32 km,67.8,38.97,16.94,15621,149.76,49,88.39,12.5,410.71,42.71,92.16,57.55,55.14,66.25,88.39,57.55,22.71,11.19,20.8,6.77,274598,104305,40.80386956555022,-2.50191032265401,12212.9,2024
46,51,Ceuta,CIUDAD AUTÓNOMA DE CEUTA,Revisar trade-offs,58.47,Quintil 1 - equilibrio bajo,649.41,44.13,44.1 / 100,1,3.0,0,0,0,0,0,0,1,3.61,4.53,5 km,95.47,0.0,5.85,2612,105.74,1,93.49,18.24,604.76,84.19,85.06,84.45,39.22,35.93,93.49,84.45,16.15,10.38,22.0,9.94,83039,24703,35.894461142812474,-5.356246067194933,20.0,2024
47,01,Araba/Álava,PAIS VASCO,Revisar trade-offs,53.6,Quintil 1 - equilibrio bajo,697.53,59.98,60.0 / 100,16,26.0,0,2,6,8,7,0,1,7.72,3.09,3 km,96.91,38.97,13.63,11117,78.89,21,97.55,11.97,918.81,35.93,48.21,39.62,28.83,17.44,97.55,39.62,11.87,14.11,22.95,4.66,336686,140925,42.85506231819567,-2.721629253773971,3039.8,2024
48,08,Barcelona,CATALUÑA,Revisar trade-offs,50.75,Quintil 1 - equilibrio bajo,779.0,68.21,68.2 / 100,124,147.0,1,1,17,19,103,0,2,2.53,7.43,7 km,92.57,73.7,3.8,394862,179.71,264,98.16,12.71,550.02,45.42,91.49,59.24,11.25,86.88,98.16,59.24,4.63,16.05,23.1,6.97,5805500,2197181,41.768106850921065,1.8895925595503902,7729.7,2024
49,07,"Balears, Illes",BALEARS (ILLES),Revisar trade-offs,49.02,Quintil 1 - equilibrio bajo,762.78,47.63,47.6 / 100,4,12.0,0,0,0,0,0,0,4,1.0,13.26,13 km,86.74,24.06,0.9,87703,198.76,66,92.46,18.54,516.45,80.36,95.43,84.88,14.75,100.0,92.46,84.88,6.07,11.21,21.76,9.99,1197261,441242,39.59624741457044,2.8818324185401147,4991.8,2024
50,48,Bizkaia,PAIS VASCO,Revisar trade-offs,48.1,Quintil 1 - equilibrio bajo,743.27,64.18,64.2 / 100,80,108.0,0,1,25,26,29,24,1,9.36,17.27,17 km,82.73,67.45,16.73,36648,75.82,77,87.21,11.87,891.06,34.69,51.47,39.72,18.96,15.32,87.21,39.72,7.81,15.1,20.52,4.67,1154306,483378,43.23686785807184,-2.716604977193986,2212.1,2024
51,28,Madrid,MADRID (COMUNIDAD DE),Revisar trade-offs,48.02,Quintil 1 - equilibrio bajo,831.1,71.46,71.5 / 100,131,188.0,2,4,47,53,76,0,2,2.74,4.27,4 km,95.73,78.69,4.19,499787,196.49,163,98.39,13.52,464.79,55.65,98.51,68.51,0.0,98.43,98.39,68.51,0.0,16.81,23.15,8.06,6859914,2543639,40.504725883575325,-3.8196486574177033,8030.4,2024
52,20,Gipuzkoa,PAIS VASCO,Revisar trade-offs,47.95,Quintil 1 - equilibrio bajo,770.73,65.22,65.2 / 100,44,69.0,0,4,19,23,20,0,1,9.48,8.04,8 km,91.96,58.42,16.96,40602,135.14,66,95.94,11.97,918.81,35.93,48.21,39.62,13.03,56.18,95.94,39.62,5.37,15.35,22.57,4.66,728027,300448,43.11955076975763,-2.2314986632822804,1978.8,2024
