stop_a_id,stop_b_id,stop_a,stop_b,distance_km,services,route_count,route_ids,source
31412,99159,A Coruña,Santiago-Turistico,54.3,AVANT,1,2210031412AV008,Esquema GTFS: tramos entre paradas consecutivas; no es geometria ferroviaria real
08251,22100,A Gudiña-Porta de Galicia,Ourense,68.6,AVLO,6,"0822317000LC112, 1700008223LC112, 1700022100LC112, 1700031412LC112, 2210017000LC112, 3141217000LC112",Esquema GTFS: tramos entre paradas consecutivas; no es geometria ferroviaria real
60600,60911,Albacete-Los Llanos,Alicante/Alacant,138.2,AVE,5,"1060060911AV006, 1510060911AV006, 2210060911AV006, 6091115100AV006, 6091122100AV006",Esquema GTFS: tramos entre paradas consecutivas; no es geometria ferroviaria real
02030,50500,Antequera AV,Cordoba,97.2,AVE,2,"0500071801AV006, 7180105000AV006",Esquema GTFS: tramos entre paradas consecutivas; no es geometria ferroviaria real
02030,05000,Antequera AV,Granada,86.1,AVE,3,"0500071801AV006, 6000005000AV006, 7180105000AV006",Esquema GTFS: tramos entre paradas consecutivas; no es geometria ferroviaria real
02030,05012,Antequera AV,Loja,41.0,"AVANT, AVE",5,"0500051003AV008, 0500054413AV008, 0500060000AV006, 5100305000AV008, 5441305000AV008",Esquema GTFS: tramos entre paradas consecutivas; no es geometria ferroviaria real
02030,54413,Antequera AV,Malaga Maria Zambrano,37.6,AVANT,2,"0500054413AV008, 5441305000AV008",Esquema GTFS: tramos entre paradas consecutivas; no es geometria ferroviaria real
02003,02030,Antequera-Santa Ana,Antequera AV,14.6,"AVANT, AVE",4,"0500051003AV008, 0500060000AV006, 5100305000AV008, 6000005000AV006",Esquema GTFS: tramos entre paradas consecutivas; no es geometria ferroviaria real
02003,50500,Antequera-Santa Ana,Cordoba,91.2,AVE,1,0500060000AV006,Esquema GTFS: tramos entre paradas consecutivas; no es geometria ferroviaria real
02003,54413,Antequera-Santa Ana,Malaga Maria Zambrano,47.4,"AVANT, AVE, AVLO",8,"5100354413AV008, 5441351003AV008, 5441360000AV006, 5441360000LC112, 5441371801AV006, 6000054413AV006, 6000054413LC112, 7180154413AV006",Esquema GTFS: tramos entre paradas consecutivas; no es geometria ferroviaria real
87814,87912,Avignon,Aix en Provence,67.2,AVE INT,4,"0430787089AV016, 6000087089AV016, 8708904307AV016, 8708960000AV016",Esquema GTFS: tramos entre paradas consecutivas; no es geometria ferroviaria real
71801,79300,Barcelona-Sants,Girona,87.1,"AVANT, AVE, AVE INT",8,"0430760000AV006, 0430771801AV008, 6000004307AV006, 6000087089AV016, 7180104307AV008, 7180187303AV016, 8708960000AV016, 8730371801AV016",Esquema GTFS: tramos entre paradas consecutivas; no es geometria ferroviaria real
62001,62002,Beniel,Orihuela-Miguel Hernández,6.0,AVANT,2,"6091161200VRD, 6120060911VRD",Esquema GTFS: tramos entre paradas consecutivas; no es geometria ferroviaria real
03412,62002,CALLOSA DE SEGURA - COX,Orihuela-Miguel Hernández,7.9,AVANT,2,"6091161200VRD, 6120060911VRD",Esquema GTFS: tramos entre paradas consecutivas; no es geometria ferroviaria real
04104,71801,Camp Tarragona,Barcelona-Sants,75.5,"AVANT, AVANT EXP, AVE, AVE INT",20,"0404071801AV006, 0430760000AV006, 0500071801AV006, 5100371801AV006, 5441371801AV006, 6000004307AV006, 6000071801AV006, 6000071801AV016, 6000087089AV016, 6540071801AV008, 7180104040AV006, 7180105000AV006, 7180151003AV006, 7180154413AV006, 7180160000AV006, 7180160000AV016, 7180165400AV008, 7180178400AV008, 7840071801AV008, 8708960000AV016",Esquema GTFS: tramos entre paradas consecutivas; no es geometria ferroviaria real
04104,65422,Camp Tarragona,Cambrils,22.6,AVANT EXP,2,"6540071801AV008, 7180165400AV008",Esquema GTFS: tramos entre paradas consecutivas; no es geometria ferroviaria real
04104,78400,Camp Tarragona,Lleida-Pirineus,71.5,"AVANT, AVE",14,"0404071801AV006, 0430760000AV006, 0500071801AV006, 5100371801AV006, 5441371801AV006, 6000004307AV006, 6000071801AV006, 7180104040AV006, 7180105000AV006, 7180151003AV006, 7180154413AV006, 7180160000AV006, 7180178400AV008, 7840071801AV008",Esquema GTFS: tramos entre paradas consecutivas; no es geometria ferroviaria real
37200,50500,Ciudad Real,Cordoba,143.9,AVE,2,"5441371801AV006, 7180154413AV006",Esquema GTFS: tramos entre paradas consecutivas; no es geometria ferroviaria real
37200,60000,Ciudad Real,Madrid Pta.Atocha - Almudena Grandes,159.2,"AVANT, AVE, AVLO",10,"3730060000AV008, 5100360000AV006, 5100360000LC112, 5441360000AV006, 5441360000LC112, 6000037300AV008, 6000051003AV006, 6000051003LC112, 6000054413AV006, 6000054413LC112",Esquema GTFS: tramos entre paradas consecutivas; no es geometria ferroviaria real
37200,37300,Ciudad Real,Puertollano,36.9,"AVANT, AVE, AVLO",16,"0321651003AV006, 0500071801AV006, 3730060000AV008, 5100303216AV006, 5100360000AV006, 5100360000LC112, 5100371801AV006, 5441360000AV006, 5441360000LC112, 6000037300AV008, 6000051003AV006, 6000051003LC112, 6000054413AV006, 6000054413LC112, 7180105000AV006, 7180151003AV006",Esquema GTFS: tramos entre paradas consecutivas; no es geometria ferroviaria real
50500,51003,Cordoba,Sevilla-Santa Justa,118.0,"AVANT, AVE, AVLO",14,"0321651003AV006, 0500051003AV008, 5050051003AV008, 5100303216AV006, 5100305000AV008, 5100350500AV008, 5100354413AV008, 5100360000AV006, 5100360000LC112, 5100371801AV006, 5441351003AV008, 6000051003AV006, 6000051003LC112, 7180151003AV006",Esquema GTFS: tramos entre paradas consecutivas; no es geometria ferroviaria real
03208,60600,Cuenca Fernando Zobel,Albacete-Los Llanos,117.9,"AVANT, AVE, AVLO",17,"1060060911AV006, 1060060911LC112, 1510060911AV006, 1700060911AV006, 1700061200LC112, 2210060911AV006, 6000060911AV006, 6000061200AV006, 6060092102AV008, 6091115100AV006, 6091117000AV006, 6091117000LC112, 6091122100AV006, 6091160000AV006, 6120010600LC112, 6120060000AV006, 9210260600AV008",Esquema GTFS: tramos entre paradas consecutivas; no es geometria ferroviaria real
03208,60000,Cuenca Fernando Zobel,Madrid Pta.Atocha - Almudena Grandes,137.6,"AVANT, AVE",10,"0321360000AV006, 6000003213AV006, 6000060911AV006, 6000061200AV006, 6000065300AV006, 6060092102AV008, 6091160000AV006, 6120060000AV006, 6530060000AV006, 9210260600AV008",Esquema GTFS: tramos entre paradas consecutivas; no es geometria ferroviaria real
03208,17000,Cuenca Fernando Zobel,Madrid-Chamartín-Clara Campoamor,139.3,"AVE, AVLO",23,"0321317000AV006, 0321317000LC112, 0321615100AV006, 0321617000AV006, 0321617000LC112, 1060060911AV006, 1060060911LC112, 1510003216AV006, 1510060911AV006, 1541065300AV006, 1700003213AV006, 1700003213LC112, 1700003216AV006, 1700003216LC112, 1700060911AV006, 1700061200LC112, 2210060911AV006, 6091115100AV006, 6091117000AV006, 6091117000LC112, 6091122100AV006, 6120010600LC112, 6530015410AV006",Esquema GTFS: tramos entre paradas consecutivas; no es geometria ferroviaria real
03208,03213,Cuenca Fernando Zobel,Requena Utiel,104.1,"AVE, AVLO",14,"0321317000AV006, 0321317000LC112, 0321360000AV006, 0321615100AV006, 0321617000AV006, 0321617000LC112, 1510003216AV006, 1700003213AV006, 1700003213LC112, 1700003216AV006, 1700003216LC112, 6000003213AV006, 6000065300AV006, 6530060000AV006",Esquema GTFS: tramos entre paradas consecutivas; no es geometria ferroviaria real
03208,03216,Cuenca Fernando Zobel,Valencia Joaquin Sorolla,163.7,AVE,4,"0321651003AV006, 1541065300AV006, 5100303216AV006, 6530015410AV006",Esquema GTFS: tramos entre paradas consecutivas; no es geometria ferroviaria real
03410,60911,ELX AV,Alicante/Alacant,26.1,"AVANT, AVE, AVLO",6,"1700061200LC112, 6000061200AV006, 6091161200VRD, 6120010600LC112, 6120060000AV006, 6120060911VRD",Esquema GTFS: tramos entre paradas consecutivas; no es geometria ferroviaria real
03410,03412,ELX AV,CALLOSA DE SEGURA - COX,16.6,AVANT,2,"6091161200VRD, 6120060911VRD",Esquema GTFS: tramos entre paradas consecutivas; no es geometria ferroviaria real
03410,62002,ELX AV,Orihuela-Miguel Hernández,24.3,"AVE, AVLO",8,"1101461200AV006, 1700061200AV006, 1700061200LC112, 6000061200AV006, 6120010600LC112, 6120011014AV006, 6120017000AV006, 6120060000AV006",Esquema GTFS: tramos entre paradas consecutivas; no es geometria ferroviaria real
04307,79300,Figueres Vilafant,Girona,33.4,"AVANT, AVE, AVE INT",8,"0430760000AV006, 0430771801AV008, 6000004307AV006, 6000087089AV016, 7180104307AV008, 7180187303AV016, 8708960000AV016, 8730371801AV016",Esquema GTFS: tramos entre paradas consecutivas; no es geometria ferroviaria real
04307,87374,Figueres Vilafant,Perpignan,48.3,AVE INT,8,"0430787089AV016, 0430787303AV016, 6000087089AV016, 7180187303AV016, 8708904307AV016, 8708960000AV016, 8730304307AV016, 8730371801AV016",Esquema GTFS: tramos entre paradas consecutivas; no es geometria ferroviaria real
05000,05012,Granada,Loja,46.6,"AVANT, AVE",5,"0500051003AV008, 0500054413AV008, 0500060000AV006, 5100305000AV008, 5441305000AV008",Esquema GTFS: tramos entre paradas consecutivas; no es geometria ferroviaria real
04007,70600,Guadalajara - Yebes,Calatayud,150.6,AVE,7,"6000004307AV006, 6000070600AV006, 6000071801AV006, 6000074200AV006, 7060060000AV006, 7180160000AV006, 7420060000AV006",Esquema GTFS: tramos entre paradas consecutivas; no es geometria ferroviaria real
04007,60000,Guadalajara - Yebes,Madrid Pta.Atocha - Almudena Grandes,52.0,"AVE, AVE INT",10,"6000004307AV006, 6000070600AV006, 6000071801AV006, 6000071801AV016, 6000074200AV006, 6000087089AV016, 7060060000AV006, 7180160000AV006, 7420060000AV006, 7840060000AV006",Esquema GTFS: tramos entre paradas consecutivas; no es geometria ferroviaria real
74200,78200,Huesca,Tardienta,20.5,AVE,4,"0404074200AV006, 6000074200AV006, 7420004040AV006, 7420060000AV006",Esquema GTFS: tramos entre paradas consecutivas; no es geometria ferroviaria real
65402,65404,L'Aldea-Amposta,L'ampolla-Perelló-Deltebre,10.2,AVANT EXP,2,"6540071801AV008, 7180165400AV008",Esquema GTFS: tramos entre paradas consecutivas; no es geometria ferroviaria real
65420,65422,L'HOSPITALET DE L'INFANT,Cambrils,14.5,AVANT EXP,2,"6540071801AV008, 7180165400AV008",Esquema GTFS: tramos entre paradas consecutivas; no es geometria ferroviaria real
65405,65420,L'ametlla De Mar,L'HOSPITALET DE L'INFANT,15.7,AVANT EXP,2,"6540071801AV008, 7180165400AV008",Esquema GTFS: tramos entre paradas consecutivas; no es geometria ferroviaria real
65404,65405,L'ampolla-Perelló-Deltebre,L'ametlla De Mar,11.3,AVANT EXP,2,"6540071801AV008, 7180165400AV008",Esquema GTFS: tramos entre paradas consecutivas; no es geometria ferroviaria real
15100,15211,Leon,Oviedo/Uviéu,88.5,"AVE, AVLO",5,"1541017000AV006, 1541017000LCLC, 1541065300AV006, 1700015410AV006, 6530015410AV006",Esquema GTFS: tramos entre paradas consecutivas; no es geometria ferroviaria real
15100,15122,Leon,Pola De Lena/La Pola,65.8,AVLO,3,"1510015410LC112, 1541017000LC112, 1700015410LC112",Esquema GTFS: tramos entre paradas consecutivas; no es geometria ferroviaria real
87303,87810,Lyon Part Dieu,Valence,86.0,AVE INT,4,"0430787303AV016, 7180187303AV016, 8730304307AV016, 8730371801AV016",Esquema GTFS: tramos entre paradas consecutivas; no es geometria ferroviaria real
60000,92102,Madrid Pta.Atocha - Almudena Grandes,Toledo,66.4,AVANT,4,"6000092102AV008, 6060092102AV008, 9210260000AV008, 9210260600AV008",Esquema GTFS: tramos entre paradas consecutivas; no es geometria ferroviaria real
87089,87912,Marseille St Charles,Aix en Provence,17.7,AVE INT,4,"0430787089AV016, 6000087089AV016, 8708904307AV016, 8708960000AV016",Esquema GTFS: tramos entre paradas consecutivas; no es geometria ferroviaria real
08240,17000,Medina del Campo Alta Velocidad,Madrid-Chamartín-Clara Campoamor,139.6,AVLO,2,"0822317000LC112, 1700008223LC112",Esquema GTFS: tramos entre paradas consecutivas; no es geometria ferroviaria real
08240,30200,Medina del Campo Alta Velocidad,Zamora,72.6,AVLO,6,"0822317000LC112, 1700008223LC112, 1700022100LC112, 1700031412LC112, 2210017000LC112, 3141217000LC112",Esquema GTFS: tramos entre paradas consecutivas; no es geometria ferroviaria real
15203,15211,Mieres Puente,Oviedo/Uviéu,14.2,AVLO,3,"1510015410LC112, 1541017000LC112, 1700015410LC112",Esquema GTFS: tramos entre paradas consecutivas; no es geometria ferroviaria real
87173,87302,Montpellier,NIMES,46.5,AVE INT,8,"0430787089AV016, 0430787303AV016, 6000087089AV016, 7180187303AV016, 8708904307AV016, 8708960000AV016, 8730304307AV016, 8730371801AV016",Esquema GTFS: tramos entre paradas consecutivas; no es geometria ferroviaria real
61200,62001,Murcia,Beniel,13.9,AVANT,2,"6091161200VRD, 6120060911VRD",Esquema GTFS: tramos entre paradas consecutivas; no es geometria ferroviaria real
61200,62002,Murcia,Orihuela-Miguel Hernández,20.0,"AVE, AVLO",8,"1101461200AV006, 1700061200AV006, 1700061200LC112, 6000061200AV006, 6120010600LC112, 6120011014AV006, 6120017000AV006, 6120060000AV006",Esquema GTFS: tramos entre paradas consecutivas; no es geometria ferroviaria real
87302,87814,NIMES,Avignon,35.1,AVE INT,4,"0430787089AV016, 6000087089AV016, 8708904307AV016, 8708960000AV016",Esquema GTFS: tramos entre paradas consecutivas; no es geometria ferroviaria real
87302,87810,NIMES,Valence,137.8,AVE INT,4,"0430787303AV016, 7180187303AV016, 8730304307AV016, 8730371801AV016",Esquema GTFS: tramos entre paradas consecutivas; no es geometria ferroviaria real
87088,87173,Narbonne,Montpellier,84.4,AVE INT,8,"0430787089AV016, 0430787303AV016, 6000087089AV016, 7180187303AV016, 8708904307AV016, 8708960000AV016, 8730304307AV016, 8730371801AV016",Esquema GTFS: tramos entre paradas consecutivas; no es geometria ferroviaria real
87088,87374,Narbonne,Perpignan,55.9,AVE INT,8,"0430787089AV016, 0430787303AV016, 6000087089AV016, 7180187303AV016, 8708904307AV016, 8708960000AV016, 8730304307AV016, 8730371801AV016",Esquema GTFS: tramos entre paradas consecutivas; no es geometria ferroviaria real
22100,31400,Ourense,Santiago de Compostela,79.8,"AVANT, AVE, AVLO",9,"0822317000AV006, 0822317000LC112, 1700008223AV006, 1700008223LC112, 1700031412AV006, 1700031412LC112, 2210031412AV008, 3141217000AV006, 3141217000LC112",Esquema GTFS: tramos entre paradas consecutivas; no es geometria ferroviaria real
22100,99159,Ourense,Santiago-Turistico,79.8,AVANT,1,3141222100AV008,Esquema GTFS: tramos entre paradas consecutivas; no es geometria ferroviaria real
15211,15410,Oviedo/Uviéu,Gijón/Xixón,23.9,"AVE, AVLO",8,"1510015410LC112, 1541017000AV006, 1541017000LC112, 1541017000LCLC, 1541065300AV006, 1700015410AV006, 1700015410LC112, 6530015410AV006",Esquema GTFS: tramos entre paradas consecutivas; no es geometria ferroviaria real
14100,15100,Palencia,Leon,107.7,"AVE, AVLO",16,"0321615100AV006, 1060015100AV006, 1510003216AV006, 1510010600AV006, 1510017000AV006, 1510017000LC112, 1510060911AV006, 1541017000AV006, 1541017000LC112, 1541065300AV006, 1700015100AV006, 1700015100LC112, 1700015410AV006, 1700015410LC112, 6091115100AV006, 6530015410AV006",Esquema GTFS: tramos entre paradas consecutivas; no es geometria ferroviaria real
15122,15203,Pola De Lena/La Pola,Mieres Puente,10.9,AVLO,3,"1510015410LC112, 1541017000LC112, 1700015410LC112",Esquema GTFS: tramos entre paradas consecutivas; no es geometria ferroviaria real
23004,31400,Pontevedra,Santiago de Compostela,50.5,AVE,1,0822317000AV006,Esquema GTFS: tramos entre paradas consecutivas; no es geometria ferroviaria real
23004,23008,Pontevedra,Vilagarcia de Arousa,22.6,"AVE, AVLO",3,"0822317000LC112, 1700008223AV006, 1700008223LC112",Esquema GTFS: tramos entre paradas consecutivas; no es geometria ferroviaria real
02002,02003,Puente Genil-Herrera,Antequera-Santa Ana,33.3,"AVANT, AVE, AVLO",11,"0500051003AV008, 5100305000AV008, 5100354413AV008, 5441351003AV008, 5441360000AV006, 5441360000LC112, 5441371801AV006, 6000005000AV006, 6000054413AV006, 6000054413LC112, 7180154413AV006",Esquema GTFS: tramos entre paradas consecutivas; no es geometria ferroviaria real
02002,50500,Puente Genil-Herrera,Cordoba,59.0,"AVANT, AVE, AVLO",11,"0500051003AV008, 5100305000AV008, 5100354413AV008, 5441351003AV008, 5441360000AV006, 5441360000LC112, 5441371801AV006, 6000005000AV006, 6000054413AV006, 6000054413LC112, 7180154413AV006",Esquema GTFS: tramos entre paradas consecutivas; no es geometria ferroviaria real
37300,50500,Puertollano,Cordoba,107.1,AVE,9,"0321651003AV006, 0500071801AV006, 5100303216AV006, 5100360000AV006, 5100371801AV006, 6000051003AV006, 6000054413AV006, 7180105000AV006, 7180151003AV006",Esquema GTFS: tramos entre paradas consecutivas; no es geometria ferroviaria real
37300,37704,Puertollano,Villanueva de Cordoba-Los Pedroches,62.8,"AVE, AVLO",5,"5100360000LC112, 5441360000AV006, 5441360000LC112, 6000051003LC112, 6000054413LC112",Esquema GTFS: tramos entre paradas consecutivas; no es geometria ferroviaria real
03213,03216,Requena Utiel,Valencia Joaquin Sorolla,64.3,"AVANT, AVE, AVLO",10,"0321303216AV008, 0321603213AV008, 0321615100AV006, 0321617000AV006, 0321617000LC112, 1510003216AV006, 1700003216AV006, 1700003216LC112, 6000065300AV006, 6530060000AV006",Esquema GTFS: tramos entre paradas consecutivas; no es geometria ferroviaria real
65200,65300,Sagunt/Sagunto,Castelló,39.5,AVE,2,"1541065300AV006, 6530015410AV006",Esquema GTFS: tramos entre paradas consecutivas; no es geometria ferroviaria real
08247,08251,Sanabria Alta Velocidad,A Gudiña-Porta de Galicia,47.3,AVLO,6,"0822317000LC112, 1700008223LC112, 1700022100LC112, 1700031412LC112, 2210017000LC112, 3141217000LC112",Esquema GTFS: tramos entre paradas consecutivas; no es geometria ferroviaria real
08247,30200,Sanabria Alta Velocidad,Zamora,90.1,AVLO,6,"0822317000LC112, 1700008223LC112, 1700022100LC112, 1700031412LC112, 2210017000LC112, 3141217000LC112",Esquema GTFS: tramos entre paradas consecutivas; no es geometria ferroviaria real
31400,31412,Santiago de Compostela,A Coruña,54.3,"AVANT, AVE, AVLO",5,"1700031412AV006, 1700031412LC112, 3141217000AV006, 3141217000LC112, 3141222100AV008",Esquema GTFS: tramos entre paradas consecutivas; no es geometria ferroviaria real
31400,99159,Santiago de Compostela,Santiago-Turistico,0.0,AVANT,2,"2210031412AV008, 3141222100AV008",Esquema GTFS: tramos entre paradas consecutivas; no es geometria ferroviaria real
08004,17000,Segovia Guiomar,Madrid-Chamartín-Clara Campoamor,59.9,"AVANT, AVE, AVLO",21,"0321615100AV006, 0800417000AV008, 1060017000AV008, 1101461200AV006, 1510017000AV006, 1510017000LC112, 1541017000AV006, 1541017000LC112, 1541065300AV006, 1700008004AV008, 1700010600AV008, 1700010600LC112, 1700015100LC112, 1700015410AV006, 1700015410LC112, 1700022100LC112, 1700031412LC112, 2210017000LC112, 3141217000LC112, 6120011014AV006, 6530015410AV006",Esquema GTFS: tramos entre paradas consecutivas; no es geometria ferroviaria real
08004,08240,Segovia Guiomar,Medina del Campo Alta Velocidad,81.9,AVLO,4,"1700022100LC112, 1700031412LC112, 2210017000LC112, 3141217000LC112",Esquema GTFS: tramos entre paradas consecutivas; no es geometria ferroviaria real
08004,10600,Segovia Guiomar,Valladolid,97.0,"AVANT, AVE, AVLO",17,"0321615100AV006, 0800411014AV006, 1060017000AV008, 1101408004AV006, 1101461200AV006, 1510017000AV006, 1510017000LC112, 1541017000AV006, 1541017000LC112, 1541065300AV006, 1700010600AV008, 1700010600LC112, 1700015100LC112, 1700015410AV006, 1700015410LC112, 6120011014AV006, 6530015410AV006",Esquema GTFS: tramos entre paradas consecutivas; no es geometria ferroviaria real
65400,65402,Tortosa,L'Aldea-Amposta,9.7,AVANT EXP,2,"6540071801AV008, 7180165400AV008",Esquema GTFS: tramos entre paradas consecutivas; no es geometria ferroviaria real
03216,65300,Valencia Joaquin Sorolla,Castelló,65.3,AVE,4,"0321665300AV006, 6000065300AV006, 6530003216AV006, 6530060000AV006",Esquema GTFS: tramos entre paradas consecutivas; no es geometria ferroviaria real
03216,65200,Valencia Joaquin Sorolla,Sagunt/Sagunto,25.9,AVE,2,"1541065300AV006, 6530015410AV006",Esquema GTFS: tramos entre paradas consecutivas; no es geometria ferroviaria real
10600,11014,Valladolid,Burgos Rosa Manzano,119.4,AVE,8,"0321611014AV006, 0800411014AV006, 1060011014AV006, 1101403216AV006, 1101408004AV006, 1101410600AV006, 1101461200AV006, 6120011014AV006",Esquema GTFS: tramos entre paradas consecutivas; no es geometria ferroviaria real
10600,15100,Valladolid,Leon,127.4,AVLO,1,1541017000LCLC,Esquema GTFS: tramos entre paradas consecutivas; no es geometria ferroviaria real
10600,17000,Valladolid,Madrid-Chamartín-Clara Campoamor,156.9,"AVE, AVLO",11,"0321611014AV006, 1060060911AV006, 1060060911LC112, 1101403216AV006, 1510003216AV006, 1510060911AV006, 1541017000LCLC, 1700010600AV006, 1700015100AV006, 6091115100AV006, 6120010600LC112",Esquema GTFS: tramos entre paradas consecutivas; no es geometria ferroviaria real
10600,14100,Valladolid,Palencia,44.5,"AVE, AVLO",16,"0321615100AV006, 1060015100AV006, 1510003216AV006, 1510010600AV006, 1510017000AV006, 1510017000LC112, 1510060911AV006, 1541017000AV006, 1541017000LC112, 1541065300AV006, 1700015100AV006, 1700015100LC112, 1700015410AV006, 1700015410LC112, 6091115100AV006, 6530015410AV006",Esquema GTFS: tramos entre paradas consecutivas; no es geometria ferroviaria real
08223,23004,Vigo Urzaiz,Pontevedra,21.8,"AVE, AVLO",4,"0822317000AV006, 0822317000LC112, 1700008223AV006, 1700008223LC112",Esquema GTFS: tramos entre paradas consecutivas; no es geometria ferroviaria real
23008,31400,Vilagarcia de Arousa,Santiago de Compostela,34.8,"AVE, AVLO",3,"0822317000LC112, 1700008223AV006, 1700008223LC112",Esquema GTFS: tramos entre paradas consecutivas; no es geometria ferroviaria real
37704,50500,Villanueva de Cordoba-Los Pedroches,Cordoba,45.1,"AVE, AVLO",5,"5100360000LC112, 5441360000AV006, 5441360000LC112, 6000051003LC112, 6000054413LC112",Esquema GTFS: tramos entre paradas consecutivas; no es geometria ferroviaria real
03309,60600,Villena Av,Albacete-Los Llanos,96.2,"AVE, AVLO",10,"1060060911LC112, 1700060911AV006, 1700061200LC112, 6000060911AV006, 6000061200AV006, 6091117000AV006, 6091117000LC112, 6091160000AV006, 6120010600LC112, 6120060000AV006",Esquema GTFS: tramos entre paradas consecutivas; no es geometria ferroviaria real
03309,60911,Villena Av,Alicante/Alacant,42.4,"AVE, AVLO",10,"1060060911LC112, 1700060911AV006, 1700061200LC112, 6000060911AV006, 6000061200AV006, 6091117000AV006, 6091117000LC112, 6091160000AV006, 6120010600LC112, 6120060000AV006",Esquema GTFS: tramos entre paradas consecutivas; no es geometria ferroviaria real
04040,70600,Zaragoza-Delicias,Calatayud,69.8,"AVANT, AVE",9,"0404070600AV008, 0430760000AV006, 6000004307AV006, 6000071801AV006, 6000074200AV006, 6000078400AV006, 7060004040AV008, 7180160000AV006, 7420060000AV006",Esquema GTFS: tramos entre paradas consecutivas; no es geometria ferroviaria real
04040,78400,Zaragoza-Delicias,Lleida-Pirineus,128.5,AVE,16,"0404071801AV006, 0404078400AV006, 0430760000AV006, 0500071801AV006, 5100371801AV006, 5441371801AV006, 6000004307AV006, 6000071801AV006, 6000078400AV006, 7180104040AV006, 7180105000AV006, 7180151003AV006, 7180154413AV006, 7180160000AV006, 7840004040AV006, 7840060000AV006",Esquema GTFS: tramos entre paradas consecutivas; no es geometria ferroviaria real
04040,78200,Zaragoza-Delicias,Tardienta,46.9,AVE,4,"0404074200AV006, 6000074200AV006, 7420004040AV006, 7420060000AV006",Esquema GTFS: tramos entre paradas consecutivas; no es geometria ferroviaria real
