COD_PROVINCIA,province_name,analysis_window,baseline_note,baseline_year,current_year,baseline_rent_eur_month,current_rent_eur_month,rent_change_eur_month,rent_growth_total_pct,rent_growth_annual_pct,growth_total_pct,growth_annual_pct,recent_start_year,recent_start_rent_eur_month,growth_recent_pct,growth_recent_annual_pct,pre_start_year,pre_end_year,pre_start_rent_eur_month,pre_end_rent_eur_month,growth_pre_pct,growth_pre_annual_pct,acceleration_pp_year,trajectory_class,trajectory_description,series_complete_2011_2019,first_year_available,years_available,baseline_rental_homes,current_rental_homes,baseline_municipalities,current_municipalities,baseline_municipal_spread_eur,current_municipal_spread_eur,growth_class,has_growth_history
46,Valencia/Valéncia,2019-2024,Comparacion exacta,2019.0,2024,446.89,590.98,144.08,32.24,5.75,32.24,5.75,2021,486.51,21.47,6.7,2011,2019,414.85,446.89,7.72,0.93,5.76,Subida extrema,Subida total en el quintil superior.,True,2011,14,112579.0,149388,180.0,197,101.86,158.24,Crecimiento muy alto,True
12,Castellón/Castelló,2019-2024,Comparacion exacta,2019.0,2024,346.94,444.43,97.49,28.1,5.08,28.1,5.08,2021,369.63,20.24,6.34,2011,2019,337.3,346.94,2.86,0.35,5.98,Subida extrema,Subida total en el quintil superior.,True,2011,14,25929.0,33810,54.0,63,68.06,99.28,Crecimiento muy alto,True
29,Málaga,2019-2024,Comparacion exacta,2019.0,2024,542.48,687.45,144.96,26.72,4.85,26.72,4.85,2021,579.22,18.68,5.88,2011,2019,485.21,542.48,11.8,1.4,4.47,Subida extrema,Subida total en el quintil superior.,True,2011,14,55523.0,72989,47.0,66,163.08,217.64,Crecimiento muy alto,True
03,Alicante,2019-2024,Comparacion exacta,2019.0,2024,423.2,528.2,105.0,24.81,4.53,24.81,4.53,2021,449.52,17.5,5.52,2011,2019,388.75,423.2,8.86,1.07,4.46,Subida extrema,Subida total en el quintil superior.,True,2011,14,64168.0,89563,95.0,107,130.47,131.96,Crecimiento muy alto,True
19,Guadalajara,2019-2024,Comparacion exacta,2019.0,2024,463.85,575.67,111.82,24.11,4.41,24.11,4.41,2021,498.51,15.48,4.91,2011,2019,487.92,463.85,-4.93,-0.63,5.54,Rebote post-2021,Venia de caidas o estancamiento y repunta desde 2021.,True,2011,14,12774.0,15621,40.0,49,158.52,201.51,Crecimiento muy alto,True
04,Almería,2019-2024,Comparacion exacta,2019.0,2024,374.08,462.43,88.34,23.62,4.33,23.62,4.33,2021,396.65,16.58,5.25,2011,2019,380.25,374.08,-1.62,-0.2,5.45,Rebote post-2021,Venia de caidas o estancamiento y repunta desde 2021.,True,2011,14,18418.0,24292,37.0,43,47.38,92.89,Crecimiento muy alto,True
38,Santa Cruz de Tenerife,2019-2024,Comparacion exacta,2019.0,2024,453.12,559.84,106.72,23.55,4.32,23.55,4.32,2021,476.81,17.41,5.5,2011,2019,401.39,453.12,12.89,1.53,3.97,Subida extrema,Subida total en el quintil superior.,True,2011,14,45521.0,55876,52.0,53,88.22,86.25,Crecimiento muy alto,True
07,"Balears, Illes",2019-2024,Comparacion exacta,2019.0,2024,618.64,762.78,144.13,23.3,4.28,23.3,4.28,2021,649.75,17.4,5.49,2011,2019,488.55,618.64,26.63,3.0,2.5,Subida extrema,Subida total en el quintil superior.,True,2011,14,74920.0,87703,65.0,66,150.03,179.29,Crecimiento muy alto,True
45,Toledo,2019-2024,Comparacion exacta,2019.0,2024,397.66,490.07,92.41,23.24,4.27,23.24,4.27,2021,428.24,14.44,4.6,2011,2019,420.96,397.66,-5.53,-0.71,5.31,Rebote post-2021,Venia de caidas o estancamiento y repunta desde 2021.,True,2011,14,22867.0,31226,116.0,137,102.02,142.95,Crecimiento muy alto,True
05,Ávila,2019-2024,Comparacion exacta,2019.0,2024,346.47,426.15,79.68,23.0,4.23,23.0,4.23,2021,366.11,16.4,5.19,2011,2019,348.73,346.47,-0.65,-0.08,5.27,Rebote post-2021,Venia de caidas o estancamiento y repunta desde 2021.,True,2011,14,5662.0,7522,28.0,33,59.68,94.31,Crecimiento muy alto,True
18,Granada,2019-2024,Comparacion exacta,2019.0,2024,416.38,510.04,93.67,22.5,4.14,22.5,4.14,2021,443.11,15.11,4.8,2011,2019,397.57,416.38,4.73,0.58,4.22,Subida sostenida,Crecimiento antes de 2019 y tambien en el tramo reciente.,True,2011,14,31888.0,39702,66.0,81,88.64,120.18,Crecimiento alto,True
16,Cuenca,2019-2024,Comparacion exacta,2019.0,2024,365.57,447.59,82.02,22.44,4.13,22.44,4.13,2021,384.91,16.28,5.16,2011,2019,416.72,365.57,-12.28,-1.62,6.78,Rebote post-2021,Venia de caidas o estancamiento y repunta desde 2021.,True,2011,14,4291.0,5754,22.0,38,39.03,60.75,Crecimiento alto,True
30,Murcia,2019-2024,Comparacion exacta,2019.0,2024,376.43,460.06,83.63,22.22,4.09,22.22,4.09,2021,402.87,14.2,4.52,2011,2019,367.39,376.43,2.46,0.3,4.22,Crecimiento contenido,"Subida comparable, pero sin senales fuertes de tension.",True,2011,14,45693.0,59178,39.0,40,41.06,57.7,Crecimiento alto,True
50,Zaragoza,2019-2024,Comparacion exacta,2019.0,2024,437.61,531.12,93.51,21.37,3.95,21.37,3.95,2021,461.41,15.11,4.8,2011,2019,440.04,437.61,-0.55,-0.07,4.87,Rebote post-2021,Venia de caidas o estancamiento y repunta desde 2021.,True,2011,14,55823.0,66802,66.0,76,105.55,133.06,Crecimiento alto,True
40,Segovia,2019-2024,Comparacion exacta,2019.0,2024,410.24,496.38,86.14,21.0,3.89,21.0,3.89,2021,431.65,15.0,4.77,2011,2019,422.85,410.24,-2.98,-0.38,5.15,Rebote post-2021,Venia de caidas o estancamiento y repunta desde 2021.,True,2011,14,6703.0,8456,38.0,42,78.3,125.8,Crecimiento alto,True
22,Huesca,2019-2024,Comparacion exacta,2019.0,2024,377.75,456.5,78.75,20.85,3.86,20.85,3.86,2021,408.13,11.85,3.8,2011,2019,370.88,377.75,1.85,0.23,3.57,Crecimiento contenido,"Subida comparable, pero sin senales fuertes de tension.",True,2011,14,10626.0,13351,47.0,58,70.2,118.37,Crecimiento alto,True
25,Lleida,2019-2024,Comparacion exacta,2019.0,2024,384.18,463.87,79.7,20.74,3.84,20.74,3.84,2021,409.22,13.36,4.27,2011,2019,382.8,384.18,0.36,0.05,4.22,Crecimiento contenido,"Subida comparable, pero sin senales fuertes de tension.",True,2011,14,20949.0,25913,88.0,106,78.73,74.43,Crecimiento alto,True
36,Pontevedra,2019-2024,Comparacion exacta,2019.0,2024,405.53,486.59,81.06,19.99,3.71,19.99,3.71,2021,427.17,13.91,4.44,2011,2019,391.47,405.53,3.59,0.44,4.0,Subida sostenida,Crecimiento antes de 2019 y tambien en el tramo reciente.,True,2011,14,40213.0,48088,56.0,59,73.5,82.29,Crecimiento alto,True
44,Teruel,2019-2024,Comparacion exacta,2019.0,2024,339.0,406.39,67.39,19.88,3.69,19.88,3.69,2021,356.12,14.11,4.5,2011,2019,351.2,339.0,-3.47,-0.44,4.94,Rebote post-2021,Venia de caidas o estancamiento y repunta desde 2021.,True,2011,14,4590.0,5638,24.0,30,42.72,60.34,Crecimiento alto,True
06,Badajoz,2019-2024,Comparacion exacta,2019.0,2024,355.57,426.13,70.57,19.85,3.69,19.85,3.69,2021,374.94,13.65,4.36,2011,2019,353.88,355.57,0.48,0.06,4.3,Crecimiento contenido,"Subida comparable, pero sin senales fuertes de tension.",True,2011,14,14200.0,18668,55.0,63,52.36,63.47,Crecimiento alto,True
17,Girona,2019-2024,Comparacion exacta,2019.0,2024,479.56,574.2,94.65,19.74,3.67,19.74,3.67,2021,508.78,12.86,4.11,2011,2019,450.55,479.56,6.44,0.78,3.33,Crecimiento contenido,"Subida comparable, pero sin senales fuertes de tension.",True,2011,14,48402.0,56089,171.0,177,122.9,138.0,Crecimiento medio,True
43,Tarragona,2019-2024,Comparacion exacta,2019.0,2024,437.08,523.17,86.09,19.7,3.66,19.7,3.66,2021,459.69,13.81,4.41,2011,2019,424.22,437.08,3.03,0.37,4.03,Crecimiento contenido,"Subida comparable, pero sin senales fuertes de tension.",True,2011,14,42358.0,50807,96.0,105,130.46,148.53,Crecimiento medio,True
15,"Coruña, A",2019-2024,Comparacion exacta,2019.0,2024,386.24,461.95,75.71,19.6,3.64,19.6,3.64,2021,401.5,15.06,4.79,2011,2019,362.05,386.24,6.68,0.81,3.97,Subida sostenida,Crecimiento antes de 2019 y tambien en el tramo reciente.,True,2011,14,59611.0,72627,77.0,89,81.52,75.78,Crecimiento medio,True
26,"Rioja, La",2019-2024,Comparacion exacta,2019.0,2024,403.05,481.28,78.23,19.41,3.61,19.41,3.61,2021,425.48,13.11,4.19,2011,2019,403.27,403.05,-0.06,-0.01,4.2,Crecimiento contenido,"Subida comparable, pero sin senales fuertes de tension.",True,2011,14,12928.0,16451,28.0,34,48.05,52.72,Crecimiento medio,True
42,Soria,2019-2024,Comparacion exacta,2019.0,2024,415.14,493.05,77.91,18.77,3.5,18.77,3.5,2021,427.35,15.37,4.88,2011,2019,403.02,415.14,3.01,0.37,4.51,Aceleracion reciente,El ritmo 2021-final supera claramente el tramo 2011-2019.,True,2011,14,3429.0,4305,13.0,15,57.81,107.42,Crecimiento medio,True
41,Sevilla,2019-2024,Comparacion exacta,2019.0,2024,511.33,606.23,94.91,18.56,3.46,18.56,3.46,2021,542.24,11.8,3.79,2011,2019,490.3,511.33,4.29,0.53,3.26,Crecimiento contenido,"Subida comparable, pero sin senales fuertes de tension.",True,2011,14,47896.0,62498,79.0,89,123.15,148.5,Crecimiento medio,True
39,Cantabria,2019-2024,Comparacion exacta,2019.0,2024,455.88,539.1,83.22,18.26,3.41,18.26,3.41,2021,467.39,15.34,4.87,2011,2019,447.59,455.88,1.85,0.23,4.64,Aceleracion reciente,El ritmo 2021-final supera claramente el tramo 2011-2019.,True,2011,14,24336.0,29444,65.0,69,73.52,85.22,Crecimiento medio,True
24,León,2019-2024,Comparacion exacta,2019.0,2024,369.03,435.63,66.6,18.05,3.37,18.05,3.37,2021,388.15,12.23,3.92,2011,2019,347.08,369.03,6.32,0.77,3.15,Crecimiento contenido,"Subida comparable, pero sin senales fuertes de tension.",True,2011,14,18833.0,22248,45.0,54,77.62,85.54,Crecimiento medio,True
13,Ciudad Real,2019-2024,Comparacion exacta,2019.0,2024,333.55,393.45,59.9,17.96,3.36,17.96,3.36,2021,352.21,11.71,3.76,2011,2019,357.75,333.55,-6.76,-0.87,4.63,Crecimiento contenido,"Subida comparable, pero sin senales fuertes de tension.",True,2011,14,10845.0,14877,33.0,39,57.13,57.62,Crecimiento medio,True
21,Huelva,2019-2024,Comparacion exacta,2019.0,2024,394.88,463.88,69.0,17.47,3.27,17.47,3.27,2021,414.82,11.83,3.8,2011,2019,394.56,394.88,0.08,0.01,3.79,Crecimiento contenido,"Subida comparable, pero sin senales fuertes de tension.",True,2011,14,7964.0,10734,40.0,44,52.94,70.5,Crecimiento medio,True
47,Valladolid,2019-2024,Comparacion exacta,2019.0,2024,438.14,514.69,76.55,17.47,3.27,17.47,3.27,2021,460.88,11.67,3.75,2011,2019,424.42,438.14,3.23,0.4,3.35,Crecimiento contenido,"Subida comparable, pero sin senales fuertes de tension.",True,2011,14,24744.0,29847,37.0,39,104.1,105.87,Crecimiento bajo,True
35,"Palmas, Las",2019-2024,Comparacion exacta,2019.0,2024,473.41,555.53,82.11,17.35,3.25,17.35,3.25,2021,486.77,14.13,4.5,2011,2019,413.75,473.41,14.42,1.7,2.8,Subida sostenida,Crecimiento antes de 2019 y tambien en el tramo reciente.,True,2011,14,53809.0,63030,32.0,32,83.98,85.16,Crecimiento bajo,True
02,Albacete,2019-2024,Comparacion exacta,2019.0,2024,404.85,474.12,69.27,17.11,3.21,17.11,3.21,2021,415.78,14.03,4.47,2011,2019,410.22,404.85,-1.31,-0.16,4.64,Rebote post-2021,Venia de caidas o estancamiento y repunta desde 2021.,True,2011,14,11865.0,14821,33.0,36,62.0,70.37,Crecimiento bajo,True
28,Madrid,2019-2024,Comparacion exacta,2019.0,2024,710.06,831.1,121.03,17.05,3.2,17.05,3.2,2021,734.27,13.19,4.22,2011,2019,673.36,710.06,5.45,0.67,3.55,Crecimiento contenido,"Subida comparable, pero sin senales fuertes de tension.",True,2011,14,421129.0,499787,158.0,163,177.92,227.6,Crecimiento bajo,True
08,Barcelona,2019-2024,Comparacion exacta,2019.0,2024,665.68,779.0,113.33,17.02,3.19,17.02,3.19,2021,695.91,11.94,3.83,2011,2019,605.49,665.68,9.94,1.19,2.64,Crecimiento contenido,"Subida comparable, pero sin senales fuertes de tension.",True,2011,14,350561.0,394862,261.0,264,205.65,228.31,Crecimiento bajo,True
11,Cádiz,2019-2024,Comparacion exacta,2019.0,2024,496.8,580.42,83.61,16.83,3.16,16.83,3.16,2021,520.87,11.43,3.67,2011,2019,444.97,496.8,11.65,1.39,2.29,Crecimiento contenido,"Subida comparable, pero sin senales fuertes de tension.",True,2011,14,29486.0,35437,36.0,37,157.56,198.54,Crecimiento bajo,True
27,Lugo,2019-2024,Comparacion exacta,2019.0,2024,316.1,367.87,51.78,16.38,3.08,16.38,3.08,2021,323.96,13.56,4.33,2011,2019,301.36,316.1,4.89,0.6,3.73,Crecimiento contenido,"Subida comparable, pero sin senales fuertes de tension.",True,2011,14,11281.0,14415,40.0,50,43.24,56.87,Crecimiento bajo,True
10,Cáceres,2019-2024,Comparacion exacta,2019.0,2024,360.71,418.74,58.02,16.09,3.03,16.09,3.03,2021,366.77,14.17,4.52,2011,2019,343.06,360.71,5.15,0.63,3.89,Subida sostenida,Crecimiento antes de 2019 y tambien en el tramo reciente.,True,2011,14,9851.0,12543,37.0,46,70.14,51.87,Crecimiento bajo,True
09,Burgos,2019-2024,Comparacion exacta,2019.0,2024,433.52,503.12,69.6,16.06,3.02,16.06,3.02,2021,456.24,10.28,3.31,2011,2019,430.58,433.52,0.68,0.09,3.23,Crecimiento contenido,"Subida comparable, pero sin senales fuertes de tension.",True,2011,14,13460.0,16584,31.0,35,140.71,152.13,Crecimiento bajo,True
31,Navarra,2021-2024,Primer ano comparable,2021.0,2024,515.45,595.36,79.92,15.5,4.92,15.5,4.92,2021,515.45,15.5,4.92,2011,2019,,,,,,Crecimiento contenido,"Subida comparable, pero sin senales fuertes de tension.",False,2021,4,20992.0,24534,83.0,82,137.82,168.94,Crecimiento bajo,True
23,Jaén,2019-2024,Comparacion exacta,2019.0,2024,359.89,412.71,52.83,14.68,2.78,14.68,2.78,2021,375.01,10.05,3.24,2011,2019,353.27,359.89,1.87,0.23,3.01,Crecimiento contenido,"Subida comparable, pero sin senales fuertes de tension.",True,2011,14,9998.0,13189,36.0,50,50.97,55.25,Crecimiento muy bajo,True
32,Ourense,2019-2024,Comparacion exacta,2019.0,2024,337.26,386.38,49.11,14.56,2.76,14.56,2.76,2021,354.73,8.92,2.89,2011,2019,314.15,337.26,7.36,0.89,2.0,Crecimiento contenido,"Subida comparable, pero sin senales fuertes de tension.",True,2011,14,12056.0,14972,22.0,43,83.81,70.64,Crecimiento muy bajo,True
33,Asturias,2019-2024,Comparacion exacta,2019.0,2024,408.06,467.41,59.35,14.54,2.75,14.54,2.75,2021,423.72,10.31,3.33,2011,2019,386.61,408.06,5.55,0.68,2.65,Crecimiento contenido,"Subida comparable, pero sin senales fuertes de tension.",True,2011,14,52323.0,60454,57.0,60,65.09,90.11,Crecimiento muy bajo,True
14,Córdoba,2019-2024,Comparacion exacta,2019.0,2024,422.67,483.22,60.55,14.32,2.71,14.32,2.71,2021,439.78,9.88,3.19,2011,2019,416.94,422.67,1.37,0.17,3.02,Crecimiento contenido,"Subida comparable, pero sin senales fuertes de tension.",True,2011,14,14961.0,19610,34.0,48,34.33,53.82,Crecimiento muy bajo,True
37,Salamanca,2019-2024,Comparacion exacta,2019.0,2024,423.56,483.82,60.26,14.23,2.7,14.23,2.7,2021,428.06,13.03,4.17,2011,2019,389.91,423.56,8.63,1.04,3.13,Crecimiento contenido,"Subida comparable, pero sin senales fuertes de tension.",True,2011,14,16077.0,19023,29.0,34,105.46,125.81,Crecimiento muy bajo,True
49,Zamora,2019-2024,Comparacion exacta,2019.0,2024,347.42,394.07,46.65,13.43,2.55,13.43,2.55,2021,362.48,8.72,2.82,2011,2019,338.81,347.42,2.54,0.31,2.51,Crecimiento contenido,"Subida comparable, pero sin senales fuertes de tension.",True,2011,14,4434.0,5612,12.0,16,45.2,98.4,Crecimiento muy bajo,True
34,Palencia,2019-2024,Comparacion exacta,2019.0,2024,387.54,432.24,44.7,11.53,2.21,11.53,2.21,2021,393.53,9.83,3.18,2011,2019,345.57,387.54,12.15,1.44,1.73,Crecimiento contenido,"Subida comparable, pero sin senales fuertes de tension.",True,2011,14,5775.0,6865,18.0,23,99.75,68.0,Crecimiento muy bajo,True
51,Ceuta,2019-2024,Comparacion exacta,2019.0,2024,585.1,649.41,64.31,10.99,2.11,10.99,2.11,2021,624.69,3.96,1.3,2011,2019,543.8,585.1,7.59,0.92,0.38,Crecimiento contenido,"Subida comparable, pero sin senales fuertes de tension.",True,2011,14,2261.0,2612,1.0,1,0.0,0.0,Crecimiento muy bajo,True
52,Melilla,2019-2024,Comparacion exacta,2019.0,2024,531.9,582.92,51.02,9.59,1.85,9.59,1.85,2021,551.33,5.73,1.87,2011,2019,467.94,531.9,13.67,1.61,0.26,Crecimiento contenido,"Subida comparable, pero sin senales fuertes de tension.",True,2011,14,2641.0,3161,1.0,1,0.0,0.0,Crecimiento muy bajo,True
20,Gipuzkoa,2022-2024,Primer ano comparable,2022.0,2024,724.13,770.73,46.6,6.44,3.17,6.44,3.17,2021,,,,2011,2019,,,,,,Crecimiento contenido,"Subida comparable, pero sin senales fuertes de tension.",False,2022,3,37064.0,40602,65.0,66,142.0,140.84,Crecimiento muy bajo,True
01,Araba/Álava,sin historico,Sin historico,,2024,,697.53,,,,,,2021,,,,2011,2019,,,,,,Sin historico comparable,No tiene ano inicial comparable antes del ano final.,False,2024,1,,11117,,21,,91.69,Sin historico comparable,False
48,Bizkaia,sin historico,Sin historico,,2024,,743.27,,,,,,2021,,,,2011,2019,,,,,,Sin historico comparable,No tiene ano inicial comparable antes del ano final.,False,2024,1,,36648,,77,,136.06,Sin historico comparable,False
