COD_PROVINCIA,province_name,jan_c,feb_c,mar_c,apr_c,may_c,jun_c,jul_c,aug_c,sep_c,oct_c,nov_c,dec_c,winter_c,spring_c,summer_c,autumn_c,annual_mean_c,monthly_std_c,monthly_range_c,seasonal_range_c,annual_anomaly_c,climate_comfort_score,area_km2,latitude,longitude,start_year,end_year
14,Cordoba,7.407999999999999,8.940801886792451,11.731999999999998,14.583666666666666,18.86666666666667,24.226,28.03,28.07733333333333,23.18766666666667,18.007333333333335,11.48633333333333,8.478333333333333,8.255572378138849,15.065963768115944,26.805514492753638,17.56535531135531,16.96247399160431,7.26,20.67,18.549942114614787,2.6615927246690188,99.5,13773.127912613325,37.95618422350003,-4.847113605074618,1995,2024
03,Alicante/Alacant,8.854666666666667,9.754610849056604,12.124333333333333,14.646333333333336,18.454,22.918666666666667,25.76533333333333,25.80233333333333,22.186666666666664,18.247000000000003,12.746,9.823000000000002,9.469032496307236,15.079547101449272,24.849539855072468,17.732274725274724,16.81470432560687,6.04,16.95,15.380507358765232,2.513823058671578,97.6,5819.5662353186835,38.36507480700004,-0.7481201181065553,1995,2024
04,Almeria,8.287,9.345978773584903,11.750999999999998,14.458666666666668,18.426000000000005,23.12133333333333,26.211333333333336,26.049000000000003,21.93133333333333,17.75266666666667,12.098333333333333,9.263666666666666,8.954028803545054,14.883119565217392,25.14902536231885,17.266183150183153,16.597272312465773,6.33,17.92,16.194996558773795,2.2963910455304823,94.9,8779.341109137386,37.30177367000008,-2.1845796382006686,1995,2024
46,Valencia/Valencia,8.260000000000002,9.285058962264152,11.815333333333331,14.495666666666668,18.468,23.18433333333333,26.20233333333333,26.015666666666675,21.91633333333333,17.83366666666667,12.08633333333333,9.11133333333333,8.873364106351554,14.931014492753627,25.155304347826096,17.28487545787546,16.595639715276498,6.35,17.94,16.281940241474544,2.2947584483412076,94.9,10810.483403106335,39.33404678750006,-0.8019770714363135,1995,2024
23,Jaen,6.772999999999999,8.26494103773585,11.144333333333336,14.068,18.64733333333333,24.361666666666668,28.185,27.916333333333327,22.70966666666667,17.568333333333335,10.794333333333332,7.867333333333332,7.61601920236337,14.625887681159425,26.84773188405797,17.030091575091564,16.57086329622195,7.51,21.41,19.231712681694603,2.269982029286661,94.5,13496.67055110156,37.95618422350003,-3.493297130930164,1995,2024
29,Malaga,8.414333333333332,9.479646226415095,11.673333333333334,14.055666666666667,17.943333333333335,22.78033333333333,26.18133333333333,26.16133333333333,21.86733333333333,17.619666666666667,12.044666666666666,9.513333333333335,9.125358197932051,14.562898550724634,25.06557246376811,17.182084249084255,16.516986676400798,6.27,17.77,15.940214265836058,2.2161054094655075,93.8,7311.463828304179,36.79629998300004,-4.5467261235657,1995,2024
11,Cadiz,10.336333333333334,11.227158018867923,13.145666666666669,15.251666666666669,18.60966666666667,22.56033333333333,25.622,25.96633333333333,22.499333333333336,18.955,13.964666666666671,11.524333333333336,11.023282865583456,15.67353623188405,24.73965579710145,18.478296703296696,17.50658970615077,5.44,15.63,13.716372931517993,3.2057084392154795,93.5,7439.866610157672,36.53225553000004,-5.920571285172713,1995,2024
17,Girona,9.239666666666666,9.717971698113203,11.740999999999998,13.98966666666667,17.441333333333333,21.59866666666667,24.21733333333333,24.434666666666672,21.06933333333334,17.796333333333333,12.979666666666663,10.186333333333335,9.714556868537668,14.39502536231884,23.436652173913032,17.28743223443224,16.23627851797774,5.41,15.2,13.722095305375364,1.9353972510424509,90.3,5911.237192293516,42.07196881500008,2.843435312365196,1995,2024
06,Badajoz,6.838,8.13064858490566,10.818,13.624333333333334,17.904999999999998,23.46766666666667,27.09733333333333,26.94466666666668,22.363666666666678,17.176333333333332,10.762333333333334,7.842333333333336,7.5877031019202335,14.121119565217391,25.86230434782609,16.771937728937726,16.124214272677488,7.17,20.26,18.274601245905856,1.8233330057421977,88.8,21765.68162532716,38.69706508000005,-6.220354224100653,1995,2024
43,Tarragona,7.704999999999998,8.728962264150944,11.369666666666664,14.000333333333334,17.886333333333333,22.47133333333333,25.197,25.20633333333333,21.33766666666667,17.374000000000002,11.618333333333336,8.445666666666668,8.280014771048746,14.423326086956513,24.311340579710137,16.783230769230766,15.983590071180874,6.25,17.5,16.031325808661393,1.6827088042455838,87.1,6302.490894137967,41.05338650550007,0.6270863050618757,1995,2024
21,Huelva,9.428999999999998,10.625448113207549,13.065666666666669,15.75,19.808,24.71666666666666,27.953666666666667,27.847,23.75466666666666,19.23933333333333,13.339,10.425333333333333,10.145830871491883,16.212865942028994,26.862181159420288,18.78273992673993,18.036039423252408,6.55,18.52,16.716350287928407,3.7351581563171177,86.8,10126.528793523514,37.50755725950003,-6.924822497255386,1995,2024
10,Caceres,6.213000000000001,7.639056603773586,10.413000000000002,13.312,17.612666666666662,23.38133333333334,27.440999999999992,27.267000000000003,22.354000000000003,16.713666666666665,10.145666666666669,7.093333333333334,6.961894387001475,13.78430072463768,26.058565217391298,16.407842490842494,15.8434504471619,7.49,21.23,19.096670830389822,1.542569180226609,85.3,19865.794044488102,39.75894009750005,-6.137295340568468,1995,2024
51,Ceuta,13.765,13.89353773584906,14.843,16.16766666666667,18.319,20.968,23.188333333333333,23.880333333333336,22.072,19.90566666666666,16.733999999999998,14.872666666666667,14.185653618906937,16.44621739130435,22.697485507246373,19.5742380952381,18.24137981383465,3.53,10.12,8.511831888339437,3.940498546899361,84.2,19.950947073744857,35.894265302000065,-5.3471902688858375,1995,2024
41,Sevilla,8.961333333333334,10.388738207547172,13.02,15.819333333333336,20.048,25.285,28.99533333333333,29.032,24.365666666666662,19.43133333333333,13.102666666666668,10.063666666666668,9.786890694239297,16.30095652173912,27.797797101449262,18.971663003663,18.252244935207163,7.06,20.07,18.010906407209966,3.9513636682718722,84.1,14037.033335527396,37.52041492950005,-5.653307476865858,1995,2024
07,"Balears, Illes",12.209333333333332,12.015129716981132,13.368,15.44666666666667,18.721666666666668,22.90233333333333,26.079666666666657,26.604,23.929333333333336,20.793666666666667,16.40533333333333,13.605666666666668,12.628057607090096,15.849778985507246,25.22025724637681,20.38069963369964,18.5425615988319,5.19,14.59,12.592199639286715,4.2416803318966085,80.4,4991.832846169903,39.61265576450003,2.882312571261856,1995,2024
13,Ciudad Real,5.183000000000002,6.714599056603776,9.690333333333331,12.701666666666664,17.514666666666663,23.50133333333333,27.303,26.83,21.427333333333333,16.010666666666665,9.326999999999996,6.221666666666668,6.019320531757753,13.30875,25.903945652173903,15.592974358974354,15.2487844497171,7.74,22.12,19.88462512041615,0.9479031827818094,77.7,19811.296677117432,38.96144028050006,-3.885563972559142,1995,2024
02,Albacete,5.807666666666668,7.153148584905662,10.065333333333331,13.107333333333331,17.614,22.938666666666663,26.46566666666667,25.917666666666666,20.793,15.999000000000002,9.702666666666666,6.748,6.551935007385522,13.600862318840578,25.13090579710145,15.503725274725277,15.237040518342752,7.22,20.66,18.578970789715925,0.9361592514074619,77.6,14923.999955491765,38.72452034850005,-1.9543626415771804,1995,2024
45,Toledo,5.015000000000001,6.6175000000000015,9.678999999999997,12.864333333333333,17.572000000000003,23.467999999999996,27.151666666666664,26.673666666666666,21.350666666666665,15.750999999999998,9.158666666666669,5.910333333333333,5.824298375184637,13.37729347826087,25.78940579710145,15.423747252747248,15.146844314655953,7.76,22.14,19.965107421916812,0.8459630477206623,76.4,15365.574065403816,39.78830737850007,-4.102631052231721,1995,2024
52,Melilla,14.55,14.553702830188682,15.358000000000002,16.589666666666666,18.659,21.285,23.68533333333333,24.692,22.99833333333333,20.753,17.594,15.543,14.892182422452,16.871923913043478,23.241818840579704,20.45179120879121,18.87893319948897,3.55,10.14,8.349636418127703,4.578051932553679,76.1,13.48940398561773,35.29265108100003,-2.951647995916824,1995,2024
30,Murcia,5.999666666666667,7.180011792452831,9.815666666666669,12.744999999999996,17.1,22.267333333333337,25.68433333333334,25.19333333333333,20.338,15.78166666666667,9.758,6.955000000000001,6.697374446085674,13.225387681159424,24.40464855072464,15.2979304029304,14.944217922978648,6.9,19.68,17.707274104638966,0.643336656043358,73.8,11316.142192480524,38.06419952400006,-1.6719232640515669,1995,2024
22,Huesca,4.850666666666666,6.248832547169813,9.369,12.406666666666666,16.791000000000004,21.858,24.820666666666664,24.471000000000007,19.690000000000005,15.09533333333333,8.747666666666667,5.5906666666666665,5.5426329394387,12.860434782608694,23.73675724637681,14.517421245421252,14.20425807629129,7.05,19.97,18.19412430693811,-0.09662319064400116,64.4,15633.17102890885,42.13716720950006,-0.0289571521186292,1995,2024
36,Pontevedra,8.986,9.325955188679249,10.880333333333336,12.42666666666667,14.76033333333333,17.616000000000003,20.023000000000003,20.447333333333336,18.570333333333338,15.53133333333333,11.659999999999997,9.669333333333332,9.32713072378139,12.691963768115942,19.38109057971014,15.25693772893773,14.184243475086692,4.06,11.46,10.053959855928749,-0.11663779184859813,64.1,4492.85223498659,42.36343819450008,-8.533924750728751,1995,2024
33,Asturias,9.088333333333331,9.312959905660378,10.781333333333333,12.099333333333332,14.592333333333327,17.482666666666663,19.369333333333334,20.093333333333334,18.519666666666662,16.12666666666667,11.882,9.853666666666667,9.42151033973412,12.495257246376807,18.99807246376812,15.51622710622711,14.126148932286908,3.93,11.01,9.576562124034002,-0.17473233464838245,63.4,10603.913756185826,43.27191501000004,-5.851969998063956,1995,2024
12,Castellon/Castello,5.807666666666666,6.67810141509434,9.306666666666668,11.935,15.984333333333332,20.878,23.797000000000004,23.476666666666667,19.09433333333333,15.101999999999997,9.325333333333331,6.595333333333333,6.350745937961594,12.413815217391306,22.737213768115943,14.513758241758245,14.038804526373424,6.38,17.99,16.38646783015435,-0.2620767405618665,62.3,6633.967085661144,40.25283130850005,-0.0602019030153027,1995,2024
50,Zaragoza,5.228333333333333,6.466674528301885,9.508000000000004,12.359333333333328,16.48966666666667,21.132,23.778,23.699,19.417333333333332,15.081666666666663,8.99,5.824999999999999,5.821026587887739,12.790300724637682,22.8885543478261,14.502765567765564,14.03810275597736,6.62,18.55,17.06752775993836,-0.26277851095793103,62.3,17276.668076915124,41.84402038850007,-1.170849419808773,1995,2024
18,Granada,4.688666666666666,5.85811320754717,8.506666666666666,11.383333333333333,15.988666666666663,21.732333333333333,25.585666666666672,25.026,19.572333333333336,14.668666666666669,8.295333333333334,5.726333333333333,5.411237075332349,11.965818840579711,24.140561594202907,14.184161172161174,13.96513962401898,7.31,20.9,18.72932451887056,-0.3357416429163109,61.4,12648.238147634775,37.38960480700007,-3.2393785030417845,1995,2024
38,Santa Cruz de Tenerife,17.99866666666666,17.621497641509432,17.845000000000002,18.430666666666664,19.453,20.894666666666662,21.94400000000001,22.850666666666665,23.08300000000001,22.526,20.81833333333334,19.273666666666667,18.31842688330872,18.577804347826085,21.907333333333334,22.146659340659333,20.24143639350247,1.96,5.46,3.588906450024613,5.940555126567181,58.7,3380.096948244059,28.295099332000035,-16.620662869507697,1995,2024
35,"Palmas, Las",17.971000000000004,17.678443396226417,18.03633333333333,18.657,19.624666666666663,20.943,21.788666666666664,22.675666666666668,22.977,22.565666666666665,20.85333333333333,19.219,18.307983751846383,18.773923913043483,21.811786231884053,22.136765567765572,20.261722029567427,1.88,5.3,3.5038024800376704,5.960840762632136,58.5,4068.2737904965843,27.956567100000058,-15.60531161349521,1995,2024
28,Madrid,3.722666666666667,5.154752358490566,8.112333333333334,11.189000000000002,15.738333333333332,21.52533333333333,25.243,24.843666666666664,19.653333333333336,14.203000000000005,7.696333333333333,4.5840000000000005,4.466923929098965,11.68522463768116,23.89615942028985,13.854758241758244,13.517479467056049,7.57,21.52,19.429235491190887,-0.7834017998792415,55.7,8030.398031672199,40.52170160700007,-3.767642378426471,1995,2024
15,"Coruna, A",8.601666666666668,8.85566037735849,10.26866666666667,11.727,14.034000000000004,16.700333333333333,18.832,19.44533333333333,17.862666666666666,14.978999999999996,11.248333333333337,9.275,8.912444608567204,12.012963768115949,18.343557971014494,14.699769230769231,13.510610512867322,3.85,10.84,9.43111336244729,-0.7902707540679685,55.6,7947.0024889272445,43.15384420700005,-8.579850103766056,1995,2024
08,Barcelona,4.016666666666668,5.1857429245283,7.922333333333334,10.814666666666668,15.118999999999996,19.89933333333333,22.710666666666665,22.274,17.829333333333334,13.714999999999996,7.769666666666668,4.824000000000001,4.660018463810932,11.290449275362322,21.646789855072463,13.111373626373624,12.714013506114252,6.59,18.69,16.98677139126153,-1.586867760821038,45.4,7729.729647136022,41.760116315500056,2.0307008309731724,1995,2024
37,Salamanca,4.118,5.218856132075471,7.754333333333335,10.344333333333331,14.25,19.36733333333333,22.94033333333333,22.968333333333334,18.633333333333333,13.694333333333333,7.725333333333333,4.9606666666666674,4.752123338257017,10.787655797101454,21.784659420289856,13.354772893772896,12.70550009125752,6.69,18.85,17.032536082032838,-1.5953811756777707,45.3,12351.308023789938,40.763790924000034,-6.022417740995879,1995,2024
31,Navarra,4.575000000000001,5.641332547169811,8.396666666666668,10.938666666666665,14.712666666666667,18.802333333333333,21.026,21.238,17.785,13.980666666666668,8.236666666666668,5.293666666666667,5.155727474150664,11.353797101449278,20.37232608695652,13.341216117216112,12.58873243292572,5.94,16.66,15.216598612805855,-1.7121488340095699,43.8,10390.675334382388,42.61276003500004,-1.830042410109936,1995,2024
47,Valladolid,3.846333333333333,5.131096698113209,7.906999999999999,10.661,14.734333333333332,19.60333333333334,22.43533333333333,22.371,18.124,13.438999999999998,7.542666666666666,4.569333333333334,4.496949778434269,11.105557971014491,21.49017753623189,13.039659340659345,12.569833911297678,6.62,18.59,16.99322775779762,-1.731047355637612,43.6,8109.416091319087,41.70412361100006,-4.697091012250786,1995,2024
49,Zamora,3.993333333333333,5.154622641509435,7.736,10.362333333333336,14.273666666666667,19.25466666666667,22.618999999999996,22.595333333333333,18.329,13.498666666666669,7.640666666666668,4.709,4.602765878877402,10.795322463768118,21.513960144927537,13.159875457875458,12.5537844497171,6.62,18.63,16.911194266050135,-1.7470968172181909,43.4,10557.899131022821,41.686580826500034,-5.9425946080037,1995,2024
25,Lleida,3.450999999999999,4.749799528301887,7.665333333333335,10.676999999999998,15.070333333333338,20.016,22.85033333333333,22.39166666666667,17.75466666666667,13.426333333333334,7.262333333333332,4.328,4.158899556868536,11.142561594202895,21.77154347826087,12.8211684981685,12.512047818945057,6.83,19.4,17.612643921392333,-1.7888334479902337,42.9,12169.106743573244,42.06625917800005,1.1781995144377118,1995,2024
19,Guadalajara,3.070666666666665,4.49816037735849,7.479333333333334,10.466,14.845999999999997,20.267333333333333,23.681333333333328,23.16,18.108333333333334,13.191666666666665,6.789666666666666,3.932666666666666,3.813714918759231,10.935492753623189,22.392405797101446,12.701996336996338,12.501276692827163,7.22,20.61,18.578690878342215,-1.7996045741081268,42.7,12212.892736848722,40.74142346900004,-2.5050392600436364,1995,2024
27,Lugo,5.847333333333332,6.419799528301888,8.38,10.323,13.270333333333337,17.011666666666667,19.723333333333333,20.014333333333337,17.41433333333333,13.563333333333333,8.761333333333333,6.459666666666667,6.236890694239291,10.661416666666664,18.93714855072464,13.249816849816852,12.297275050191647,5.06,14.17,12.700257856485349,-2.003606216743643,40.1,9858.92772980283,43.04075275650007,-7.447991749594156,1995,2024
01,Araba/Alava,5.259666666666668,5.957830188679245,8.165666666666668,10.196666666666664,13.442000000000004,16.857666666666667,18.766,19.273000000000003,16.905666666666665,13.704666666666666,8.65466666666667,6.065666666666667,5.755096011816842,10.60584420289855,18.314554347826085,13.095106227106225,11.968857455740098,4.98,14.01,12.559458336009243,-2.3320238111951923,35.9,3039.8155502621407,42.84685163200004,-2.681504930102382,1995,2024
20,Gipuzkoa,5.259666666666668,5.957830188679245,8.165666666666668,10.196666666666664,13.442000000000004,16.857666666666667,18.766,19.273000000000003,16.905666666666665,13.704666666666666,8.65466666666667,6.065666666666667,5.755096011816842,10.60584420289855,18.314554347826085,13.095106227106225,11.968857455740098,4.98,14.01,12.559458336009243,-2.3320238111951923,35.9,1978.7550067353454,43.143589420500064,-2.205139585800379,1995,2024
16,Cuenca,2.929666666666668,4.139103773584906,6.926333333333333,9.813,14.15466666666667,19.49466666666666,22.87066666666667,22.303666666666665,17.329333333333334,12.673000000000002,6.508666666666666,3.790333333333333,3.60397341211226,10.30327173913043,21.5787427536232,12.175857142857144,11.954189633144736,6.99,19.94,17.97476934151094,-2.346691633790554,35.7,17140.40618811931,39.93968445450005,-2.1524468968601638,1995,2024
26,"Rioja, La",4.219666666666666,5.174327830188678,7.770000000000001,10.178666666666668,13.86866666666667,17.950333333333333,20.198,20.47233333333333,17.081666666666667,13.359333333333336,7.656666666666669,5.025999999999998,4.795531757754801,10.610420289855073,19.5575036231884,12.706476190476184,11.949119364847602,5.78,16.25,14.761971865433598,-2.351761902087688,35.7,5046.828733862302,42.28327214700005,-2.4828031135403053,1995,2024
48,Bizkaia,5.273333333333333,5.990200471698114,8.148333333333335,10.120666666666668,13.279333333333334,16.676666666666666,18.546000000000006,19.045,16.73933333333333,13.609666666666664,8.586666666666666,6.072333333333334,5.772215657311669,10.520409420289855,18.104576086956524,12.985490842490842,11.87137342580762,4.89,13.77,12.332360429644854,-2.42950784112767,34.7,2212.1243508020907,43.23917273750004,-2.8511295597341766,1995,2024
32,Ourense,4.357666666666667,5.2118396226415085,7.437333333333335,9.725333333333332,13.006333333333334,17.412000000000003,20.801333333333336,20.99966666666667,17.48,12.809666666666669,7.495999999999999,5.012333333333333,4.849977843426881,10.059931159420293,19.762945652173908,12.597578754578754,11.8485371418142,5.91,16.64,14.912967808747027,-2.4523441251210905,34.4,7274.005064288531,42.19269801600004,-7.536621236336593,1995,2024
40,Segovia,2.820333333333334,3.9414268867924527,6.6610000000000005,9.425333333333333,13.529999999999996,18.703,21.944,22.00500000000001,17.422,12.504,6.449333333333334,3.697,3.4724704579025114,9.876967391304351,20.907706521739133,12.129274725274728,11.63369866764008,6.82,19.18,17.435236063836623,-2.6671825992952094,31.7,6925.051537684477,41.10883397450005,-4.183805510118308,1995,2024
05,Avila,2.3543333333333334,3.409233490566038,6.016333333333333,8.839666666666666,13.111,18.56266666666667,22.07466666666667,21.89466666666666,16.99833333333334,11.938666666666668,5.88,3.274,3.0005096011816823,9.327579710144928,20.868797101449267,11.609326007326008,11.239353896696477,7.0,19.72,17.868287500267584,-3.0615273702388137,26.6,8051.924472669341,40.62552329400006,-4.835890534161348,1995,2024
44,Teruel,2.591333333333333,3.470129716981132,6.183,9.000000000000002,13.269666666666668,18.464333333333336,21.702333333333325,21.124333333333325,16.249999999999996,11.969666666666663,6.027333333333334,3.4233333333333333,3.152256277695717,9.489485507246377,20.451702898550725,11.421754578754584,11.16584960759262,6.73,19.11,17.299446620855008,-3.135031659342671,25.7,14808.680723282137,40.59881203300006,-0.9214764144525668,1995,2024
42,Soria,2.266,3.437900943396226,6.204999999999998,9.039333333333332,13.125666666666667,18.04133333333333,21.09933333333333,20.868,16.303,11.769000000000002,5.770666666666667,3.0596666666666663,2.9055428360413584,9.461202898550724,20.024210144927544,11.286252747252744,10.956325971892689,6.66,18.83,17.118667308886184,-3.3445552950426016,23.0,10304.321207640402,41.60141172000005,-2.72147948535578,1995,2024
34,Palencia,2.627333333333334,3.7344693396226423,6.334666666666667,8.794333333333334,12.378999999999998,16.608999999999998,19.08,19.184,15.678666666666668,11.612666666666666,6.129333333333332,3.296666666666667,3.203895864106352,9.173409420289854,18.30928260869565,11.14541391941392,10.490542069720751,5.89,16.56,15.105386744589298,-3.810339197214539,17.1,8051.579981132982,42.40816813050006,-4.61893106073844,1995,2024
09,Burgos,2.671,3.6506249999999993,6.183333333333334,8.582,12.145333333333332,16.271666666666672,18.654,18.898333333333337,15.538666666666666,11.642333333333337,6.1640000000000015,3.3960000000000004,3.226750369276218,8.974442028985504,17.959481884057972,11.12079487179487,10.351837926628953,5.77,16.23,14.732731514781754,-3.9490433403063374,15.3,14291.016250887174,42.32538152850006,-3.67701500562906,1995,2024
24,Leon,2.613666666666667,3.44057783018868,5.777333333333335,8.247000000000002,11.874333333333334,16.438333333333336,19.337,19.349,15.56533333333333,11.210666666666665,5.881333333333333,3.298666666666666,3.107858197932053,8.637083333333326,18.39582608695652,10.889347985347984,10.289727139989054,6.0,16.74,15.287967889024468,-4.011154126946236,14.6,15577.765975873946,42.62991046950003,-5.971001316208753,1995,2024
39,Cantabria,2.329,3.0128301886792443,5.222666666666669,7.379333333333333,10.621,14.374666666666672,16.36066666666667,16.67066666666667,13.962666666666664,10.621333333333334,5.612,3.209666666666667,2.845583456425406,7.744931159420292,15.817514492753617,10.071443223443223,9.147036868041614,5.11,14.34,12.971931036328211,-5.153844398893677,0.0,5323.46688281513,43.13570550750006,-4.264261444415774,1995,2024
