COD_PROVINCIA,province_name,temperature_mean_c,temperature_anomaly_c,climate_group,climate_comfort_score,area_km2,latitude,longitude,start_year,end_year
35,"Palmas, Las",20.261722029567427,5.960840762632136,Calida,58.5,4068.2737904965843,27.956567100000058,-15.60531161349521,1995,2024
38,Santa Cruz de Tenerife,20.24143639350247,5.940555126567181,Calida,58.7,3380.096948244059,28.295099332000035,-16.620662869507697,1995,2024
52,Melilla,18.87893319948897,4.578051932553679,Calida,76.1,13.48940398561773,35.29265108100003,-2.951647995916824,1995,2024
07,"Balears, Illes",18.5425615988319,4.2416803318966085,Calida,80.4,4991.832846169903,39.61265576450003,2.882312571261856,1995,2024
41,Sevilla,18.252244935207163,3.9513636682718722,Calida,84.1,14037.033335527396,37.52041492950005,-5.653307476865858,1995,2024
51,Ceuta,18.24137981383465,3.940498546899361,Calida,84.2,19.950947073744857,35.894265302000065,-5.3471902688858375,1995,2024
21,Huelva,18.036039423252408,3.7351581563171177,Calida,86.8,10126.528793523514,37.50755725950003,-6.924822497255386,1995,2024
11,Cadiz,17.50658970615077,3.2057084392154795,Calida,93.5,7439.866610157672,36.53225553000004,-5.920571285172713,1995,2024
14,Cordoba,16.96247399160431,2.6615927246690188,Templada,99.5,13773.127912613325,37.95618422350003,-4.847113605074618,1995,2024
03,Alicante/Alacant,16.81470432560687,2.513823058671578,Templada,97.6,5819.5662353186835,38.36507480700004,-0.7481201181065553,1995,2024
04,Almeria,16.597272312465773,2.2963910455304823,Templada,94.9,8779.341109137386,37.30177367000008,-2.1845796382006686,1995,2024
46,Valencia/Valencia,16.595639715276498,2.2947584483412076,Templada,94.9,10810.483403106335,39.33404678750006,-0.8019770714363135,1995,2024
23,Jaen,16.57086329622195,2.269982029286661,Templada,94.5,13496.67055110156,37.95618422350003,-3.493297130930164,1995,2024
29,Malaga,16.516986676400798,2.2161054094655075,Templada,93.8,7311.463828304179,36.79629998300004,-4.5467261235657,1995,2024
17,Girona,16.23627851797774,1.9353972510424509,Templada,90.3,5911.237192293516,42.07196881500008,2.843435312365196,1995,2024
06,Badajoz,16.124214272677488,1.8233330057421977,Templada,88.8,21765.68162532716,38.69706508000005,-6.220354224100653,1995,2024
43,Tarragona,15.983590071180874,1.6827088042455838,Templada,87.1,6302.490894137967,41.05338650550007,0.6270863050618757,1995,2024
10,Caceres,15.8434504471619,1.542569180226609,Templada,85.3,19865.794044488102,39.75894009750005,-6.137295340568468,1995,2024
13,Ciudad Real,15.2487844497171,0.9479031827818094,Templada,77.7,19811.296677117432,38.96144028050006,-3.885563972559142,1995,2024
02,Albacete,15.237040518342752,0.9361592514074619,Templada,77.6,14923.999955491765,38.72452034850005,-1.9543626415771804,1995,2024
45,Toledo,15.146844314655953,0.8459630477206623,Templada,76.4,15365.574065403816,39.78830737850007,-4.102631052231721,1995,2024
30,Murcia,14.944217922978648,0.643336656043358,Templada fresca,73.8,11316.142192480524,38.06419952400006,-1.6719232640515669,1995,2024
22,Huesca,14.20425807629129,-0.09662319064400116,Templada fresca,64.4,15633.17102890885,42.13716720950006,-0.0289571521186292,1995,2024
36,Pontevedra,14.184243475086692,-0.11663779184859813,Templada fresca,64.1,4492.85223498659,42.36343819450008,-8.533924750728751,1995,2024
33,Asturias,14.126148932286908,-0.17473233464838245,Templada fresca,63.4,10603.913756185826,43.27191501000004,-5.851969998063956,1995,2024
12,Castellon/Castello,14.038804526373424,-0.2620767405618665,Templada fresca,62.3,6633.967085661144,40.25283130850005,-0.0602019030153027,1995,2024
50,Zaragoza,14.03810275597736,-0.26277851095793103,Templada fresca,62.3,17276.668076915124,41.84402038850007,-1.170849419808773,1995,2024
18,Granada,13.96513962401898,-0.3357416429163109,Templada fresca,61.4,12648.238147634775,37.38960480700007,-3.2393785030417845,1995,2024
28,Madrid,13.517479467056049,-0.7834017998792415,Templada fresca,55.7,8030.398031672199,40.52170160700007,-3.767642378426471,1995,2024
15,"Coruna, A",13.510610512867322,-0.7902707540679685,Templada fresca,55.6,7947.0024889272445,43.15384420700005,-8.579850103766056,1995,2024
08,Barcelona,12.714013506114252,-1.586867760821038,Templada fresca,45.4,7729.729647136022,41.760116315500056,2.0307008309731724,1995,2024
37,Salamanca,12.70550009125752,-1.5953811756777707,Templada fresca,45.3,12351.308023789938,40.763790924000034,-6.022417740995879,1995,2024
31,Navarra,12.58873243292572,-1.7121488340095699,Templada fresca,43.8,10390.675334382388,42.61276003500004,-1.830042410109936,1995,2024
47,Valladolid,12.569833911297678,-1.731047355637612,Templada fresca,43.6,8109.416091319087,41.70412361100006,-4.697091012250786,1995,2024
49,Zamora,12.5537844497171,-1.7470968172181909,Templada fresca,43.4,10557.899131022821,41.686580826500034,-5.9425946080037,1995,2024
25,Lleida,12.512047818945057,-1.7888334479902337,Templada fresca,42.9,12169.106743573244,42.06625917800005,1.1781995144377118,1995,2024
19,Guadalajara,12.501276692827163,-1.7996045741081268,Templada fresca,42.7,12212.892736848722,40.74142346900004,-2.5050392600436364,1995,2024
27,Lugo,12.297275050191647,-2.003606216743643,Templada fresca,40.1,9858.92772980283,43.04075275650007,-7.447991749594156,1995,2024
01,Araba/Alava,11.968857455740098,-2.3320238111951923,Fria,35.9,3039.8155502621407,42.84685163200004,-2.681504930102382,1995,2024
20,Gipuzkoa,11.968857455740098,-2.3320238111951923,Fria,35.9,1978.7550067353454,43.143589420500064,-2.205139585800379,1995,2024
16,Cuenca,11.954189633144736,-2.346691633790554,Fria,35.7,17140.40618811931,39.93968445450005,-2.1524468968601638,1995,2024
26,"Rioja, La",11.949119364847602,-2.351761902087688,Fria,35.7,5046.828733862302,42.28327214700005,-2.4828031135403053,1995,2024
48,Bizkaia,11.87137342580762,-2.42950784112767,Fria,34.7,2212.1243508020907,43.23917273750004,-2.8511295597341766,1995,2024
32,Ourense,11.8485371418142,-2.4523441251210905,Fria,34.4,7274.005064288531,42.19269801600004,-7.536621236336593,1995,2024
40,Segovia,11.63369866764008,-2.6671825992952094,Fria,31.7,6925.051537684477,41.10883397450005,-4.183805510118308,1995,2024
05,Avila,11.239353896696477,-3.0615273702388137,Fria,26.6,8051.924472669341,40.62552329400006,-4.835890534161348,1995,2024
44,Teruel,11.16584960759262,-3.135031659342671,Fria,25.7,14808.680723282137,40.59881203300006,-0.9214764144525668,1995,2024
42,Soria,10.956325971892689,-3.3445552950426016,Fria,23.0,10304.321207640402,41.60141172000005,-2.72147948535578,1995,2024
34,Palencia,10.490542069720751,-3.810339197214539,Fria,17.1,8051.579981132982,42.40816813050006,-4.61893106073844,1995,2024
09,Burgos,10.351837926628953,-3.9490433403063374,Fria,15.3,14291.016250887174,42.32538152850006,-3.67701500562906,1995,2024
24,Leon,10.289727139989054,-4.011154126946236,Fria,14.6,15577.765975873946,42.62991046950003,-5.971001316208753,1995,2024
39,Cantabria,9.147036868041614,-5.153844398893677,Fria,0.0,5323.46688281513,43.13570550750006,-4.264261444415774,1995,2024
